item,itemLabel,party,partyLabel,area,areaLabel,startDate,endDate,url,gender,sourceDate,source,psid
Q20995,AHN CHEOLSOO,,,Q50500841,,2022-06-02,,https://korea.assembly.go.kr:447/mem/mem_pro.jsp?mem_code=sYRde0JJy%2Bo%3D,male,2022-08-01,https://korea.assembly.go.kr:447/mem/mem_01.jsp,Q20995-795d0467-4842-524f-e1a0-e83e7f5e99dd
Q16168735,AHN GYUBACK,,,Q31180279,Dongdaemun A,2020-05-30,,https://korea.assembly.go.kr:447/mem/mem_pro.jsp?mem_code=CZZ%2FXtMzG6I%3D,male,2022-08-01,https://korea.assembly.go.kr:447/mem/mem_01.jsp,Q16168735-bf323c65-4b6b-9981-1386-9effe4b5b45e
Q93759098,AN BYUNGGIL,,,Q31179796,"Seo–Dong, Busan",2020-05-30,,https://korea.assembly.go.kr:447/mem/mem_pro.jsp?mem_code=Dk9I3JdkdOE%3D,male,2022-08-01,https://korea.assembly.go.kr:447/mem/mem_01.jsp,Q93759098-DC6835A8-F7DC-4433-86DC-0273813DC810
Q22974407,AN HOYOUNG,,,Q50500166,,2020-05-30,,https://korea.assembly.go.kr:447/mem/mem_pro.jsp?mem_code=%2FOBFnd0w2GI%3D,male,2022-08-01,https://korea.assembly.go.kr:447/mem/mem_01.jsp,Q22974407-e470e7cc-440a-2871-cffc-e1f6cd2447ed
Q16079799,AN MINSUK,,,Q50499507,,2020-05-30,,https://korea.assembly.go.kr:447/mem/mem_pro.jsp?mem_code=%2FHudQcuH%2Fa8%3D,male,2022-08-01,https://korea.assembly.go.kr:447/mem/mem_01.jsp,Q16079799-754AB92C-416F-405E-B47F-5E7E5417321F
Q17401310,BACK HYERYUN,,,Q50502229,,2020-05-30,,https://korea.assembly.go.kr:447/mem/mem_pro.jsp?mem_code=YC8sNYvCc8E%3D,female,2022-08-01,https://korea.assembly.go.kr:447/mem/mem_01.jsp,Q17401310-f293923e-469d-2c5c-a4c9-3ca5af33121e
Q4841199,BAE HYUNJIN,,,Q31180205,"Baehyeonjin, Songpa-gu",2020-05-30,,https://korea.assembly.go.kr:447/mem/mem_pro.jsp?mem_code=XKHGb%2BQW5EE%3D,female,2022-08-01,https://korea.assembly.go.kr:447/mem/mem_01.jsp,Q4841199-5FC14BC8-D9D1-4300-94CF-4B3B30289D45
Q12597685,BAE JINGYO,,,Q50506172,PR assembly constituency in South Korea,2020-05-30,,https://korea.assembly.go.kr:447/mem/mem_pro.jsp?mem_code=FZ8rSSgRmPA%3D,male,2022-08-01,https://korea.assembly.go.kr:447/mem/mem_01.jsp,Q12597685-54B5DFFF-40D8-4BCB-9B63-B9BBF773015B
Q93757756,BAE JUNEYOUNG,,,Q93827983,,2020-05-30,,https://korea.assembly.go.kr:447/mem/mem_pro.jsp?mem_code=cjKGQfFJN5s%3D,male,2022-08-01,https://korea.assembly.go.kr:447/mem/mem_01.jsp,Q93757756-6EDEC11D-6F73-47A1-A8AE-79BF497321FE
Q31180679,BAEK JONGHEAN,,,Q31179733,,2020-05-30,,https://korea.assembly.go.kr:447/mem/mem_pro.jsp?mem_code=2b4CJrS6wVg%3D,male,2022-08-01,https://korea.assembly.go.kr:447/mem/mem_01.jsp,Q31180679-E3291ECE-7CB5-45EA-878D-4010D303FB71
Q12598204,BYUN JAEILL,,,Q50499782,,2020-05-30,,https://korea.assembly.go.kr:447/mem/mem_pro.jsp?mem_code=ynMOKqv1IRs%3D,male,2022-08-01,https://korea.assembly.go.kr:447/mem/mem_01.jsp,Q12598204-90A7E1ED-DB42-45F6-A367-4274C62F43F8
Q12614683,CHANG JEWON,,,Q31179743,,2020-05-30,,https://korea.assembly.go.kr:447/mem/mem_pro.jsp?mem_code=tmbA3bL1uqk%3D,male,2022-08-01,https://korea.assembly.go.kr:447/mem/mem_01.jsp,Q12614683-DBFAC114-BDBB-4668-AD5D-725FC60BC61A
Q23996156,CHEON JUNHO,,,Q31180333,,2020-05-30,,https://korea.assembly.go.kr:447/mem/mem_pro.jsp?mem_code=Cr9MEdlgOxI%3D,male,2022-08-01,https://korea.assembly.go.kr:447/mem/mem_01.jsp,Q23996156-4A5F69FC-1DC4-401E-BE76-86E2BBE9DEA5
Q24000517,CHO EUNGCHEON,,,Q50500923,,2020-05-30,,https://korea.assembly.go.kr:447/mem/mem_pro.jsp?mem_code=ERcEIVb5gik%3D,male,2022-08-01,https://korea.assembly.go.kr:447/mem/mem_01.jsp,Q24000517-0fadf7d4-4fc5-8bb9-cfef-49ea909ee860
Q12617148,CHO HAEJIN,,,Q31179685,,2020-05-30,,https://korea.assembly.go.kr:447/mem/mem_pro.jsp?mem_code=F01zj7OL0Do%3D,male,2022-08-01,https://korea.assembly.go.kr:447/mem/mem_01.jsp,Q12617148-D8869333-519A-4DCD-A0B6-7A5A94C06534
Q12617041,CHO JEONGSIK,,,Q50503439,,2020-05-30,,https://korea.assembly.go.kr:447/mem/mem_pro.jsp?mem_code=%2FENAVizDEtU%3D,male,2022-08-01,https://korea.assembly.go.kr:447/mem/mem_01.jsp,Q12617041-49F44C75-31A6-4EA9-B3F9-2F6C2DAC4525
Q93758762,CHO JUNGHUN,,,Q50506172,PR assembly constituency in South Korea,2020-05-30,,https://korea.assembly.go.kr:447/mem/mem_pro.jsp?mem_code=INWGcIv3FKA%3D,male,2022-08-01,https://korea.assembly.go.kr:447/mem/mem_01.jsp,Q93758762-8354BEAC-8665-4478-A2E9-37694E2C7171
Q12616567,CHO KYOUNGTAE,,,Q31179725,,2020-05-30,,https://korea.assembly.go.kr:447/mem/mem_pro.jsp?mem_code=SGohadE0PYw%3D,male,2022-08-01,https://korea.assembly.go.kr:447/mem/mem_01.jsp,Q12616567-4940F7FF-13DB-4282-8441-29AA98A556DA
Q93751737,CHO SUJIN,,,Q50506172,PR assembly constituency in South Korea,2020-05-30,,https://korea.assembly.go.kr:447/mem/mem_pro.jsp?mem_code=UgBaVzReAvI%3D,female,2022-08-01,https://korea.assembly.go.kr:447/mem/mem_01.jsp,Q93751737-265623AB-D3A5-4E9E-A66C-14C5664B85B6
Q31175893,CHOE KANGWOOK,,,Q50506172,PR assembly constituency in South Korea,2020-05-30,,https://korea.assembly.go.kr:447/mem/mem_pro.jsp?mem_code=A8%2FQhaccxyc%3D,male,2022-08-01,https://korea.assembly.go.kr:447/mem/mem_01.jsp,Q31175893-D701854B-409A-45F7-B3C8-1887FC144BF1
Q107443498,CHOEJAEHYEONG,,,Q31180193,"Jongno, Seoul",2022-03-10,,https://korea.assembly.go.kr:447/mem/mem_pro.jsp?mem_code=cwVEhRAN9AE%3D,male,2022-08-01,https://korea.assembly.go.kr:447/mem/mem_01.jsp,Q107443498-e9ca6582-4a5f-382c-d47c-ff386a37e8bb
Q19603670,CHOEUNHEE,,,Q31180220,,2022-03-10,,https://korea.assembly.go.kr:447/mem/mem_pro.jsp?mem_code=7eRgRGiWwvM%3D,female,2022-08-01,https://korea.assembly.go.kr:447/mem/mem_01.jsp,Q19603670-9863b20b-448c-3174-dd1c-130f142e3ac6
Q50809472,CHOI CHUNSIK,,,Q50504204,,2020-05-30,,https://korea.assembly.go.kr:447/mem/mem_pro.jsp?mem_code=aMdpt5TpioQ%3D,male,2022-08-01,https://korea.assembly.go.kr:447/mem/mem_01.jsp,Q50809472-2A5E6075-F0CE-45B6-9125-964E73324C2E
Q81227213,CHOI HYEYOUNG,,,Q50506172,PR assembly constituency in South Korea,2020-05-30,,https://korea.assembly.go.kr:447/mem/mem_pro.jsp?mem_code=7AoK4A59vtU%3D,female,2022-08-01,https://korea.assembly.go.kr:447/mem/mem_01.jsp,Q81227213-4AABC44D-88C5-475A-A234-9CF50D453C9E
Q93758386,CHOI HYUNGDU,,,Q31179691,,2020-05-30,,https://korea.assembly.go.kr:447/mem/mem_pro.jsp?mem_code=o7hrHoQdx1Y%3D,male,2022-08-01,https://korea.assembly.go.kr:447/mem/mem_01.jsp,Q93758386-8823FF80-573C-4DB4-A1F7-846616CB2276
Q24856313,CHOI INHO,,,Q31179769,,2020-05-30,,https://korea.assembly.go.kr:447/mem/mem_pro.jsp?mem_code=C8pxmmqA5Lc%3D,male,2022-08-01,https://korea.assembly.go.kr:447/mem/mem_01.jsp,Q24856313-153474CB-7CAF-4BF6-82A1-D99235A4334E
Q93758339,CHOI JONGYOON,,,Q50609637,,2020-05-30,,https://korea.assembly.go.kr:447/mem/mem_pro.jsp?mem_code=4%2FAsetNtbPs%3D,male,2022-08-01,https://korea.assembly.go.kr:447/mem/mem_01.jsp,Q93758339-F978F61E-3C68-4FF0-80FA-651538483BD6
Q93751140,CHOI KISANG,,,Q31180212,,2020-05-30,,https://korea.assembly.go.kr:447/mem/mem_pro.jsp?mem_code=S4HnwsOdQdY%3D,male,2022-08-01,https://korea.assembly.go.kr:447/mem/mem_01.jsp,Q93751140-F10A2A32-2129-41B2-840A-5CE3C995827C
Q93758414,CHOI SEUNGJAE,,,Q50506172,PR assembly constituency in South Korea,2020-05-30,,https://korea.assembly.go.kr:447/mem/mem_pro.jsp?mem_code=LqRI2TOQ7P4%3D,male,2022-08-01,https://korea.assembly.go.kr:447/mem/mem_01.jsp,Q93758414-5AA10086-F807-4C29-8DAE-A0B499F7BDAD
Q112083004,CHOI YOUNGHEE,,,Q50506172,PR assembly constituency in South Korea,2022-06-10,,https://korea.assembly.go.kr:447/mem/mem_pro.jsp?mem_code=4ldzomIMnb8%3D,female,2022-08-01,https://korea.assembly.go.kr:447/mem/mem_01.jsp,Q112083004-7506efaf-49ad-8d2f-f98c-951b38d8af02
Q93758424,CHOI YOUNSUK,,,Q50506172,PR assembly constituency in South Korea,2020-05-30,,https://korea.assembly.go.kr:447/mem/mem_pro.jsp?mem_code=QfSsVotAroo%3D,female,2022-08-01,https://korea.assembly.go.kr:447/mem/mem_01.jsp,Q93758424-2F33B443-6D5D-40FD-8DBD-6612F1DF7F8D
Q12619978,CHOO KYUNGHO,,,Q31179594,,2020-05-30,,https://korea.assembly.go.kr:447/mem/mem_pro.jsp?mem_code=1C9clvPUUvM%3D,male,2022-08-01,https://korea.assembly.go.kr:447/mem/mem_01.jsp,Q12619978-36105699-49de-a5fe-12cc-f0f28e3fcfd1
Q93757999,CHULMIN JANG,,,Q31179349,,2020-05-30,,https://korea.assembly.go.kr:447/mem/mem_pro.jsp?mem_code=LBkUIdwphUI%3D,male,2022-08-01,https://korea.assembly.go.kr:447/mem/mem_01.jsp,Q93757999-542E4BB8-E136-4A05-A5F1-F8B69C704C41
Q12615269,CHUN JAESOO,,,Q31179722,,2020-05-30,,https://korea.assembly.go.kr:447/mem/mem_pro.jsp?mem_code=W28aMsQHTLo%3D,male,2022-08-01,https://korea.assembly.go.kr:447/mem/mem_01.jsp,Q12615269-C92A52B7-4131-433D-BC29-F7C5A0A34600
Q93753105,CHUNG ILYOUNG,,,Q31179672,,2020-05-30,,https://korea.assembly.go.kr:447/mem/mem_pro.jsp?mem_code=%2FbybTf0Xsw0%3D,male,2022-08-01,https://korea.assembly.go.kr:447/mem/mem_01.jsp,Q93753105-DB477E7C-4E78-4251-989E-AD728188A5B1
Q12616038,CHUNG JINSUK,,,Q50501135,,2020-05-30,,https://korea.assembly.go.kr:447/mem/mem_pro.jsp?mem_code=DAR04tC%2F9Hw%3D,male,2022-08-01,https://korea.assembly.go.kr:447/mem/mem_01.jsp,Q12616038-2A0A26B1-B92B-4809-A3A6-DE74CCCA4C20
Q12615874,CHUNG WOONCHUN,,,Q50506172,PR assembly constituency in South Korea,2020-05-30,,https://korea.assembly.go.kr:447/mem/mem_pro.jsp?mem_code=N%2FouBhvIphg%3D,male,2022-08-01,https://korea.assembly.go.kr:447/mem/mem_01.jsp,Q12615874-5B68C42A-1261-4B86-819B-8387283BDA3C
Q12615868,CHUNG WOOTAIK,,,Q50500267,,2022-03-10,,https://korea.assembly.go.kr:447/mem/mem_pro.jsp?mem_code=nw9feTwUe9Q%3D,male,2022-08-01,https://korea.assembly.go.kr:447/mem/mem_01.jsp,Q12615868-569bcee8-456d-650b-8a4e-d50849996b23
Q12593087,DO JONGHWAN,,,Q50498937,,2020-05-30,,https://korea.assembly.go.kr:447/mem/mem_pro.jsp?mem_code=Jg97LCqv6wI%3D,male,2022-08-01,https://korea.assembly.go.kr:447/mem/mem_01.jsp,Q12593087-E210BA4B-3F83-4D47-B32F-BEBA305FF487
Q24000560,EOH KIYKU,,,Q50501028,,2020-05-30,,https://korea.assembly.go.kr:447/mem/mem_pro.jsp?mem_code=e9yIME1l0c4%3D,male,2022-08-01,https://korea.assembly.go.kr:447/mem/mem_01.jsp,Q24000560-b8d6f683-41b2-b15b-61e1-dd172c6c4e22
Q55731872,EOM TAEYOUNG,,,Q50502178,,2020-05-30,,https://korea.assembly.go.kr:447/mem/mem_pro.jsp?mem_code=l8boykw7%2BIM%3D,male,2022-08-01,https://korea.assembly.go.kr:447/mem/mem_01.jsp,Q55731872-73EBC619-1A13-4BCA-8136-1A523BB2EEF4
Q12622556,HA TAEKEUNG,,,Q31179721,,2020-05-30,,https://korea.assembly.go.kr:447/mem/mem_pro.jsp?mem_code=h7R%2FkwIb%2FyA%3D,male,2022-08-01,https://korea.assembly.go.kr:447/mem/mem_01.jsp,Q12622556-4D768D51-133F-4C9A-8D2F-40E0DBE1F5A8
Q16092319,HA YOUNGJE,,,Q31179700,,2020-05-30,,https://korea.assembly.go.kr:447/mem/mem_pro.jsp?mem_code=euqlpPsGk%2Bw%3D,male,2022-08-01,https://korea.assembly.go.kr:447/mem/mem_01.jsp,Q16092319-1D260EA0-46FD-4007-A0F3-06E3DA2D04C7
Q12624045,HAN BYUNGDO,,,Q50499486,,2020-05-30,,https://korea.assembly.go.kr:447/mem/mem_pro.jsp?mem_code=Kp3mfoJZxfc%3D,male,2022-08-01,https://korea.assembly.go.kr:447/mem/mem_01.jsp,Q12624045-428946da-4f92-8419-418b-106f832a20dd
Q12624300,HAN JEOUNGAE,,,Q31180254,,2020-05-30,,https://korea.assembly.go.kr:447/mem/mem_pro.jsp?mem_code=q5blKqu%2BGhI%3D,female,2022-08-01,https://korea.assembly.go.kr:447/mem/mem_01.jsp,Q12624300-8639549e-4d04-a2e1-ba1d-effb6f6bc811
Q12624313,HAN JUNHO,,,Q50504509,,2020-05-30,,https://korea.assembly.go.kr:447/mem/mem_pro.jsp?mem_code=kNizHBOxYDg%3D,male,2022-08-01,https://korea.assembly.go.kr:447/mem/mem_01.jsp,Q12624313-2064E1EF-996E-448F-BBD7-B0FFA7C0D4B4
Q16092339,HAN KIHO,,,Q93817854,,2020-05-30,,https://korea.assembly.go.kr:447/mem/mem_pro.jsp?mem_code=LI%2FLrI7cXJM%3D,male,2022-08-01,https://korea.assembly.go.kr:447/mem/mem_01.jsp,Q16092339-D55C1AB4-A473-479B-8AF5-4D73D3A81D57
Q93759066,HAN MOOKYUNG,,,Q50506172,PR assembly constituency in South Korea,2020-05-30,,https://korea.assembly.go.kr:447/mem/mem_pro.jsp?mem_code=zAvQn9mAJUM%3D,female,2022-08-01,https://korea.assembly.go.kr:447/mem/mem_01.jsp,Q93759066-0357B987-4064-4BC1-986D-54D9D0BB686B
Q93752000,HEO JONGSIK,,,Q93827354,,2020-05-30,,https://korea.assembly.go.kr:447/mem/mem_pro.jsp?mem_code=wGDvgSo%2FbZs%3D,male,2022-08-01,https://korea.assembly.go.kr:447/mem/mem_01.jsp,Q93752000-85BAC094-46D8-454E-B6A8-7B0E9792832A
Q19795110,HER EUNA,,,Q50506172,PR assembly constituency in South Korea,2020-05-30,,https://korea.assembly.go.kr:447/mem/mem_pro.jsp?mem_code=EhZ6p40LLmg%3D,female,2022-08-01,https://korea.assembly.go.kr:447/mem/mem_01.jsp,Q19795110-5B504822-BEDD-4C55-ADD7-9ECCA614D6B1
Q12625469,HONG IHKPYO,,,Q31180365,Jung–Seongdong A,2020-05-30,,https://korea.assembly.go.kr:447/mem/mem_pro.jsp?mem_code=pNm6UznwNs4%3D,male,2022-08-01,https://korea.assembly.go.kr:447/mem/mem_01.jsp,Q12625469-1549e5c7-4d5e-b3e5-e7f9-38639d720b60
Q90921811,HONG JUNGMIN,,,Q50502759,,2020-05-30,,https://korea.assembly.go.kr:447/mem/mem_pro.jsp?mem_code=FXVXGdPt2r4%3D,female,2022-08-01,https://korea.assembly.go.kr:447/mem/mem_01.jsp,Q90921811-0F4CEAB7-F5F4-475D-AA10-3836C66DFDCF
Q93752261,HONG KEEWON,,,Q50501196,,2020-05-30,,https://korea.assembly.go.kr:447/mem/mem_pro.jsp?mem_code=ZwXQ%2Fdp2%2BN8%3D,male,2022-08-01,https://korea.assembly.go.kr:447/mem/mem_01.jsp,Q93752261-6CC0C313-8235-44C8-81B2-9EB90BDA7E4C
Q16179475,HONG MOONPYO,,,Q50504438,,2020-05-30,,https://korea.assembly.go.kr:447/mem/mem_pro.jsp?mem_code=1J2sS0CtoU4%3D,male,2022-08-01,https://korea.assembly.go.kr:447/mem/mem_01.jsp,Q16179475-82304253-B730-4032-9CA0-3DC82B75D430
Q93752464,HONG SUKJOON,,,Q31179591,,2020-05-30,,https://korea.assembly.go.kr:447/mem/mem_pro.jsp?mem_code=tyBySmJ7l4A%3D,male,2022-08-01,https://korea.assembly.go.kr:447/mem/mem_01.jsp,Q93752464-2FB388BD-6969-4BFB-B0EB-67F49B355905
Q93752612,HONG SUNGKOOK,,,Q93816835,,2020-05-30,,https://korea.assembly.go.kr:447/mem/mem_pro.jsp?mem_code=D71f2ER6aVE%3D,male,2022-08-01,https://korea.assembly.go.kr:447/mem/mem_01.jsp,Q93752612-D44B62A0-64AB-4A79-9238-47582DF398D6
Q12625446,HONG YOUNGPYO,,,Q31179622,,2020-05-30,,https://korea.assembly.go.kr:447/mem/mem_pro.jsp?mem_code=S68lBtaoKhg%3D,male,2022-08-01,https://korea.assembly.go.kr:447/mem/mem_01.jsp,Q12625446-FC3F876D-6BD3-4133-B011-1E83814133BA
Q93750948,HUH YOUNG,,,Q93817630,,2020-05-30,,https://korea.assembly.go.kr:447/mem/mem_pro.jsp?mem_code=SqhiXoifeCs%3D,male,2022-08-01,https://korea.assembly.go.kr:447/mem/mem_01.jsp,Q93750948-94B3D209-9337-4718-AA3A-F67ACB8F114A
Q24856300,HWANG HEE,,,Q31180210,,2020-05-30,,https://korea.assembly.go.kr:447/mem/mem_pro.jsp?mem_code=R%2B%2FiM1NGjVo%3D,male,2022-08-01,https://korea.assembly.go.kr:447/mem/mem_01.jsp,Q24856300-a58702a4-45cc-ec46-d91e-666af8428232
Q12625869,HWANG UNHA,,,Q31179336,,2020-05-30,,https://korea.assembly.go.kr:447/mem/mem_pro.jsp?mem_code=DnGtU9qzRNc%3D,male,2022-08-01,https://korea.assembly.go.kr:447/mem/mem_01.jsp,Q12625869-4C5730D5-A816-4D90-8C00-BA0ACD7541FD
Q54802943,HWANGBO SEUNGHEE,,,Q31179744,Jung-gu–Yeongdo-gu,2020-05-30,,https://korea.assembly.go.kr:447/mem/mem_pro.jsp?mem_code=KbBP1fR7JR0%3D,female,2022-08-01,https://korea.assembly.go.kr:447/mem/mem_01.jsp,Q54802943-0F3C318F-6282-4ECC-9124-324BD27ABF1C
Q2947463,IN JAEKEUN,,,Q31180316,,2020-05-30,,https://korea.assembly.go.kr:447/mem/mem_pro.jsp?mem_code=8uwnww9qem4%3D,female,2022-08-01,https://korea.assembly.go.kr:447/mem/mem_01.jsp,Q2947463-1f405d74-49a7-ded6-c31a-1aa8678259f8
Q112063662,JANG DONGHYEOK,,,Q50502042,,2022-06-02,,https://korea.assembly.go.kr:447/mem/mem_pro.jsp?mem_code=scSwupm07BQ%3D,male,2022-08-01,https://korea.assembly.go.kr:447/mem/mem_01.jsp,Q112063662-75be01d1-490c-6cc9-a857-890b390c7130
Q93757950,JANG HYEYEONG,,,Q50506172,PR assembly constituency in South Korea,2020-05-30,,https://korea.assembly.go.kr:447/mem/mem_pro.jsp?mem_code=vD%2FZFqvRE58%3D,female,2022-08-01,https://korea.assembly.go.kr:447/mem/mem_01.jsp,Q93757950-AB011B81-660B-4E9B-89B6-66C847561ADA
Q94395542,JANG KYUNGTAE,,,Q31180275,Dongdaemun B,2020-05-30,,https://korea.assembly.go.kr:447/mem/mem_pro.jsp?mem_code=01Max8u2Mnk%3D,male,2022-08-01,https://korea.assembly.go.kr:447/mem/mem_01.jsp,Q94395542-935c7e61-42cf-7b7d-6929-ad05bb4058ab
Q28699512,JEON BONGMIN,,,Q31179738,,2020-05-30,,https://korea.assembly.go.kr:447/mem/mem_pro.jsp?mem_code=YTmH661kWQA%3D,male,2022-08-01,https://korea.assembly.go.kr:447/mem/mem_01.jsp,Q28699512-B393F35F-40C3-48D7-8999-2D775CAC07A0
Q16091570,JEON HAECHEOL,,,Q50503342,,2020-05-30,,https://korea.assembly.go.kr:447/mem/mem_pro.jsp?mem_code=uF9x20jnIlM%3D,male,2022-08-01,https://korea.assembly.go.kr:447/mem/mem_01.jsp,Q16091570-3D3E5B0D-FCBC-40DA-94C0-9838A4744DF4
Q60608442,JEON YONGGI,,,Q50506172,PR assembly constituency in South Korea,2020-05-30,,https://korea.assembly.go.kr:447/mem/mem_pro.jsp?mem_code=ik6KUlsQoY4%3D,male,2022-08-01,https://korea.assembly.go.kr:447/mem/mem_01.jsp,Q60608442-79E6441C-4C8C-489A-88CC-3E934F28A08A
Q93758022,JEONG DONGMAN,,,Q31179742,,2020-05-30,,https://korea.assembly.go.kr:447/mem/mem_pro.jsp?mem_code=RWEMte%2FfPI8%3D,male,2022-08-01,https://korea.assembly.go.kr:447/mem/mem_01.jsp,Q93758022-8CC03A35-7FCD-4DA6-81FF-C4455AB373CA
Q62690074,JEONG JEOMSIG,,,Q31179699,,2020-05-30,,https://korea.assembly.go.kr:447/mem/mem_pro.jsp?mem_code=aEB75GbCFD0%3D,male,2022-08-01,https://korea.assembly.go.kr:447/mem/mem_01.jsp,Q62690074-63275b7c-41f3-da3d-17bb-3910fd6fa67e
Q20010785,JI SEONGHO,,,Q50506172,PR assembly constituency in South Korea,2020-05-30,,https://korea.assembly.go.kr:447/mem/mem_pro.jsp?mem_code=xaqScGeVTAM%3D,male,2022-08-01,https://korea.assembly.go.kr:447/mem/mem_01.jsp,Q20010785-1469290A-AF66-41C1-955F-48431B7A69ED
Q12618262,JIN SUNGJOON,,,Q31180258,,2020-05-30,,https://korea.assembly.go.kr:447/mem/mem_pro.jsp?mem_code=C1ao1zSmu%2Bs%3D,male,2022-08-01,https://korea.assembly.go.kr:447/mem/mem_01.jsp,Q12618262-ade7c664-46d8-004d-6381-9b086063d347
Q12618257,JIN SUNMEE,,,Q31180202,,2020-05-30,,https://korea.assembly.go.kr:447/mem/mem_pro.jsp?mem_code=BKNPn1ZQdv8%3D,female,2022-08-01,https://korea.assembly.go.kr:447/mem/mem_01.jsp,Q12618257-71c10640-4a63-6105-7776-30e693ca760e
Q93758806,JO MYUNGHEE,,,Q50506172,PR assembly constituency in South Korea,2020-05-30,,https://korea.assembly.go.kr:447/mem/mem_pro.jsp?mem_code=aXAiJd33wFc%3D,female,2022-08-01,https://korea.assembly.go.kr:447/mem/mem_01.jsp,Q93758806-D6D6DE18-2191-40E3-B03C-13924D60307A
Q50277387,JO OSEOP,,,Q31179465,,2020-05-30,,https://korea.assembly.go.kr:447/mem/mem_pro.jsp?mem_code=EnJgQ8Pj2%2Fg%3D,male,2022-08-01,https://korea.assembly.go.kr:447/mem/mem_01.jsp,Q50277387-853157E8-C618-40E9-808C-7CA705454BF9
Q24000561,JO SEOUNGLAE,,,Q31179341,,2020-05-30,,https://korea.assembly.go.kr:447/mem/mem_pro.jsp?mem_code=QULsXHt2EC8%3D,male,2022-08-01,https://korea.assembly.go.kr:447/mem/mem_01.jsp,Q24000561-e11f35fe-4adc-94fe-638f-dd67f31d4596
Q16091999,JOO HOYOUNG,,,Q31179587,,2020-05-30,,https://korea.assembly.go.kr:447/mem/mem_pro.jsp?mem_code=u2f2Q40Qz10%3D,male,2022-08-01,https://korea.assembly.go.kr:447/mem/mem_01.jsp,Q16091999-5E4814FD-A986-496A-8372-E1B96860B87E
Q28699904,JU CHEOLHYEON,,,Q50500884,,2020-05-30,,https://korea.assembly.go.kr:447/mem/mem_pro.jsp?mem_code=nWXLfZxG9RQ%3D,male,2022-08-01,https://korea.assembly.go.kr:447/mem/mem_01.jsp,Q28699904-FE1B534F-9968-4A41-8C77-D83C7617BD4D
Q16174531,JUN HYESOOK,,,Q31180287,Gwangjin A,2020-05-30,,https://korea.assembly.go.kr:447/mem/mem_pro.jsp?mem_code=oIVuhXytvb4%3D,female,2022-08-01,https://korea.assembly.go.kr:447/mem/mem_01.jsp,Q16174531-3eb1f8b5-4d97-a44a-8661-d06b18b67b1c
Q93757585,JUN JOOHYAE,,,Q50506172,PR assembly constituency in South Korea,2020-05-30,,https://korea.assembly.go.kr:447/mem/mem_pro.jsp?mem_code=wvLPFh7i%2FP8%3D,female,2022-08-01,https://korea.assembly.go.kr:447/mem/mem_01.jsp,Q93757585-B009E3FB-941A-4259-A159-ED513C39CA44
Q18668540,JUNG CHANMIN,,,Q50503634,,2020-05-30,,https://korea.assembly.go.kr:447/mem/mem_pro.jsp?mem_code=ZsDITXvlDbE%3D,male,2022-08-01,https://korea.assembly.go.kr:447/mem/mem_01.jsp,Q18668540-38F9D269-A6A3-4878-8837-27BC4AE81B3D
Q12616088,JUNG CHOUNSOOK,,,Q50502084,,2020-05-30,,https://korea.assembly.go.kr:447/mem/mem_pro.jsp?mem_code=nUga8r8YUTU%3D,female,2022-08-01,https://korea.assembly.go.kr:447/mem/mem_01.jsp,Q12616088-7cd7a9c6-46eb-cb26-94b2-92b963090622
Q12616083,JUNG CHUNGRAE,,,Q31180321,,2020-05-30,,https://korea.assembly.go.kr:447/mem/mem_pro.jsp?mem_code=E6fo3LuY16o%3D,male,2022-08-01,https://korea.assembly.go.kr:447/mem/mem_01.jsp,Q12616083-70B40EE1-26A9-45CF-8398-808B8926687D
Q93758026,JUNG HEEYONG,,,Q50501067,,2020-05-30,,https://korea.assembly.go.kr:447/mem/mem_pro.jsp?mem_code=WNYdpgmEAmg%3D,male,2022-08-01,https://korea.assembly.go.kr:447/mem/mem_01.jsp,Q93758026-ADFADF24-035A-4FCC-888F-D5C576F4B716
Q31177143,JUNG PILMO,,,Q50506172,PR assembly constituency in South Korea,2020-05-30,,https://korea.assembly.go.kr:447/mem/mem_pro.jsp?mem_code=%2BvF0NNHgvmI%3D,male,2022-08-01,https://korea.assembly.go.kr:447/mem/mem_01.jsp,Q31177143-7631F6B1-4675-419E-9658-22343020A9DA
Q16091644,JUNG SUNGHO,,,Q50501680,,2020-05-30,,https://korea.assembly.go.kr:447/mem/mem_pro.jsp?mem_code=wf5tmOmocvw%3D,male,2022-08-01,https://korea.assembly.go.kr:447/mem/mem_01.jsp,Q16091644-D490D746-729F-412D-ADAD-3E6CCE57DB33
Q19795004,JUNG TAEHO,,,Q31180223,,2020-05-30,,https://korea.assembly.go.kr:447/mem/mem_pro.jsp?mem_code=RNFikUHL1gk%3D,male,2022-08-01,https://korea.assembly.go.kr:447/mem/mem_01.jsp,Q19795004-0C37D96B-4697-4A31-ADA2-83BE4D695C16
Q22972717,KANG BYUNGWON,,,Q31180291,,2020-05-30,,https://korea.assembly.go.kr:447/mem/mem_pro.jsp?mem_code=jB1NNSLrOM4%3D,male,2022-08-01,https://korea.assembly.go.kr:447/mem/mem_01.jsp,Q22972717-953d689d-4822-c2c3-6f9a-8de81c8a5453
Q28699742,KANG DAESIK,,,Q31179578,,2020-05-30,,https://korea.assembly.go.kr:447/mem/mem_pro.jsp?mem_code=jA1VjLmzg8w%3D,male,2022-08-01,https://korea.assembly.go.kr:447/mem/mem_01.jsp,Q28699742-B8CB5D2B-0C9C-44F5-B383-EE4B863FA349
Q20651589,KANG DEUKGU,,,Q50500753,,2020-05-30,,https://korea.assembly.go.kr:447/mem/mem_pro.jsp?mem_code=HW2T5IpWhU4%3D,male,2022-08-01,https://korea.assembly.go.kr:447/mem/mem_01.jsp,Q20651589-B69591DD-E83A-40AB-BDEA-6190D00759BB
Q19939285,KANG EUNMI,,,Q50506172,PR assembly constituency in South Korea,2020-05-30,,https://korea.assembly.go.kr:447/mem/mem_pro.jsp?mem_code=7MUAle%2ByjzM%3D,female,2022-08-01,https://korea.assembly.go.kr:447/mem/mem_01.jsp,Q19939285-83DCB908-18D9-4D6C-85C8-47FF7E5D6217
Q16079990,KANG GIYUN,,,Q31179686,"Seongsan, Changwon (constituency)",2020-05-30,,https://korea.assembly.go.kr:447/mem/mem_pro.jsp?mem_code=lafVLI2T%2B1A%3D,male,2022-08-01,https://korea.assembly.go.kr:447/mem/mem_01.jsp,Q16079990-13ad6010-426a-3d7c-8ccc-441cdb5bd7e4
Q24000592,KANG HOONSIK,,,Q50504582,,2020-05-30,,https://korea.assembly.go.kr:447/mem/mem_pro.jsp?mem_code=1JVkKNn6fz0%3D,male,2022-08-01,https://korea.assembly.go.kr:447/mem/mem_01.jsp,Q24000592-f989b399-4fd6-75da-0107-0e48b4668a2e
Q93072826,KANG JUNHYEON,,,Q93817050,,2020-05-30,,https://korea.assembly.go.kr:447/mem/mem_pro.jsp?mem_code=F8V0eX5eDZE%3D,male,2022-08-01,https://korea.assembly.go.kr:447/mem/mem_01.jsp,Q93072826-BA9E0030-4750-4B92-A5E6-7B08AD65B2A7
Q93076104,KANG MINJUNG,,,Q50506172,PR assembly constituency in South Korea,2020-05-30,,https://korea.assembly.go.kr:447/mem/mem_pro.jsp?mem_code=wzMWrb8LgYc%3D,female,2022-08-01,https://korea.assembly.go.kr:447/mem/mem_01.jsp,Q93076104-629601D3-9E1E-427D-92F8-9AAA5D326192
Q93878757,KANG MINKUK,,,Q31179680,,2020-05-30,,https://korea.assembly.go.kr:447/mem/mem_pro.jsp?mem_code=OvzU3Iz%2B95c%3D,male,2022-08-01,https://korea.assembly.go.kr:447/mem/mem_01.jsp,Q93878757-49240b3f-4844-d2fb-1ea6-b0fb2d5a14ac
Q90819592,KANG SUNWOO,,,Q31180240,,2020-05-30,,https://korea.assembly.go.kr:447/mem/mem_pro.jsp?mem_code=lNjEZJxIGt0%3D,female,2022-08-01,https://korea.assembly.go.kr:447/mem/mem_01.jsp,Q90819592-C99A4DCE-8145-4542-89A2-398E6F8A6567
Q23894231,KI DONGMIN,,,Q31180336,,2020-05-30,,https://korea.assembly.go.kr:447/mem/mem_pro.jsp?mem_code=QgiLme4VrGQ%3D,male,2022-08-01,https://korea.assembly.go.kr:447/mem/mem_01.jsp,Q23894231-d56c1e28-4c71-9c92-9bca-7081be148a7e
Q93074623,KIM BYONGWOOK,,,Q31179305,,2020-05-30,,https://korea.assembly.go.kr:447/mem/mem_pro.jsp?mem_code=u%2BS8ZWi9xJU%3D,male,2022-08-01,https://korea.assembly.go.kr:447/mem/mem_01.jsp,Q93074623-562AF516-C188-4DA3-934E-576E7E6C5A55
Q35548032,KIM BYUNGJOO,,,Q50506172,PR assembly constituency in South Korea,2020-05-30,,https://korea.assembly.go.kr:447/mem/mem_pro.jsp?mem_code=G%2F%2FluifLyvk%3D,male,2022-08-01,https://korea.assembly.go.kr:447/mem/mem_01.jsp,Q35548032-787B2B01-0F10-48B1-8525-F377A687B0BC
Q26924478,KIM BYUNGKEE,,,Q31180226,,2020-05-30,,https://korea.assembly.go.kr:447/mem/mem_pro.jsp?mem_code=6jyns7hH5Zg%3D,male,2022-08-01,https://korea.assembly.go.kr:447/mem/mem_01.jsp,Q26924478-c2932f97-4f70-7c9f-7231-cba58c0d4add
Q24856318,KIM BYUNGWOOK,,,Q50499807,,2020-05-30,,https://korea.assembly.go.kr:447/mem/mem_pro.jsp?mem_code=XOmcuQa5SDU%3D,male,2022-08-01,https://korea.assembly.go.kr:447/mem/mem_01.jsp,Q24856318-c28387a7-41aa-b2f7-5d9f-390c6a203c61
Q12588973,KIM CHEOLMIN,,,Q50504393,,2020-05-30,,https://korea.assembly.go.kr:447/mem/mem_pro.jsp?mem_code=CpSBL4ZaUIw%3D,male,2022-08-01,https://korea.assembly.go.kr:447/mem/mem_01.jsp,Q12588973-76215e64-4d2d-7a48-0e8f-19c1691bb3e2
Q16080185,KIM DOEUP,,,Q31179784,,2020-05-30,,https://korea.assembly.go.kr:447/mem/mem_pro.jsp?mem_code=POSiUDvppZU%3D,male,2022-08-01,https://korea.assembly.go.kr:447/mem/mem_01.jsp,Q16080185-6A4D267D-FDE5-4A49-AF6C-0FAA5E820FBA
Q6408593,KIM DUKWAN,,,Q31179697,,2020-05-30,,https://korea.assembly.go.kr:447/mem/mem_pro.jsp?mem_code=4mrKu%2BbOp60%3D,male,2022-08-01,https://korea.assembly.go.kr:447/mem/mem_01.jsp,Q6408593-d3ad45f4-4e8d-cee1-f7de-16af0dd46f58
Q12587076,KIM GIHYEON,,,Q31179339,,2020-05-30,,https://korea.assembly.go.kr:447/mem/mem_pro.jsp?mem_code=5VkM%2FXaePpM%3D,male,2022-08-01,https://korea.assembly.go.kr:447/mem/mem_01.jsp,Q12587076-6A658B28-D573-41C7-BA37-3F6ADC516EDA
Q12589137,KIM HACKYONG,,,Q50499256,,2022-03-10,,https://korea.assembly.go.kr:447/mem/mem_pro.jsp?mem_code=WOK1QeFR0y4%3D,male,2022-08-01,https://korea.assembly.go.kr:447/mem/mem_01.jsp,Q12589137-c7f64500-458a-f045-7d29-c754b010b1a4
Q16093562,KIM HANJUNG,,,Q50503491,,2020-05-30,,https://korea.assembly.go.kr:447/mem/mem_pro.jsp?mem_code=7K%2Bcx%2B91yfQ%3D,male,2022-08-01,https://korea.assembly.go.kr:447/mem/mem_01.jsp,Q16093562-4b061870-495f-0cbc-b404-63965b282e26
Q112020896,KIM HANKYU,,,Q31178888,Jeju B,2022-06-02,,https://korea.assembly.go.kr:447/mem/mem_pro.jsp?mem_code=9xG5N54n5pU%3D,male,2022-08-01,https://korea.assembly.go.kr:447/mem/mem_01.jsp,Q112020896-6a001670-4406-64f8-a056-9ec1482f3886
Q93754413,KIM HEEGON,,,Q31179737,,2020-05-30,,https://korea.assembly.go.kr:447/mem/mem_pro.jsp?mem_code=faWmvgQNYPc%3D,male,2022-08-01,https://korea.assembly.go.kr:447/mem/mem_01.jsp,Q93754413-B2687997-C1C5-41CC-96B0-70DF1AD3DDB1
Q16080789,KIM HEEKUK,,,Q93874916,,2020-05-30,,https://korea.assembly.go.kr:447/mem/mem_pro.jsp?mem_code=OFYzVt6%2BnHU%3D,male,2022-08-01,https://korea.assembly.go.kr:447/mem/mem_01.jsp,Q16080789-62f91f4d-434a-c31f-ef3f-92c2584dd666
Q93754513,KIM HOIJAE,,,Q50502693,,2020-05-30,,https://korea.assembly.go.kr:447/mem/mem_pro.jsp?mem_code=%2BWfl0VvMjrU%3D,male,2022-08-01,https://korea.assembly.go.kr:447/mem/mem_01.jsp,Q93754513-83A6D3C6-574F-4E4E-8B12-3953CA0B5177
Q12589320,KIM HONGGUL,,,Q50506172,PR assembly constituency in South Korea,2020-05-30,,https://korea.assembly.go.kr:447/mem/mem_pro.jsp?mem_code=eoqdXWdS9TE%3D,male,2022-08-01,https://korea.assembly.go.kr:447/mem/mem_01.jsp,Q12589320-27A52C24-7D4F-4F11-8698-BB9572821BD7
Q93754037,KIM HYUNGDONG,,,Q93832092,,2020-05-30,,https://korea.assembly.go.kr:447/mem/mem_pro.jsp?mem_code=Sutl06zxvig%3D,male,2022-08-01,https://korea.assembly.go.kr:447/mem/mem_01.jsp,Q93754037-EBC6161A-97D0-4FAB-BEB6-33951353C625
Q10855898,KIM JINPYO,,,Q50504174,,2020-05-30,,https://korea.assembly.go.kr:447/mem/mem_pro.jsp?mem_code=ruH6Ey1daMw%3D,male,2022-08-01,https://korea.assembly.go.kr:447/mem/mem_01.jsp,Q10855898-85e8703b-4a0a-2f83-5917-eb900048585d
Q24856345,KIM JONGMIN,,,Q50503466,,2020-05-30,,https://korea.assembly.go.kr:447/mem/mem_pro.jsp?mem_code=N%2BcdUOhYrx4%3D,male,2022-08-01,https://korea.assembly.go.kr:447/mem/mem_01.jsp,Q24856345-06c33af9-43f1-d798-d73c-a4669c368a05
Q55728334,KIM JUNGHO,,,Q31179704,,2020-05-30,,https://korea.assembly.go.kr:447/mem/mem_pro.jsp?mem_code=Nyb56emP258%3D,male,2022-08-01,https://korea.assembly.go.kr:447/mem/mem_01.jsp,Q55728334-40fd775a-46a8-04a5-d00f-760ef6020aee
Q24000567,KIM JUNGJAE,,,Q31179319,,2020-05-30,,https://korea.assembly.go.kr:447/mem/mem_pro.jsp?mem_code=uFJkZ9Cphg8%3D,female,2022-08-01,https://korea.assembly.go.kr:447/mem/mem_01.jsp,Q24000567-eddc1ce2-4fd0-6c4e-8dd2-404e099f9532
Q93753580,KIM JUYOUNG,,,Q50499422,,2020-05-30,,https://korea.assembly.go.kr:447/mem/mem_pro.jsp?mem_code=luBO1J1Xzh0%3D,male,2022-08-01,https://korea.assembly.go.kr:447/mem/mem_01.jsp,Q93753580-A002DED5-BB74-4E32-8940-AA576C2ED660
Q12586994,KIM KYOHEUNG,,,Q31179641,,2020-05-30,,https://korea.assembly.go.kr:447/mem/mem_pro.jsp?mem_code=EX4GGXX55Pg%3D,male,2022-08-01,https://korea.assembly.go.kr:447/mem/mem_01.jsp,Q12586994-0d378202-4620-2bce-183b-3eb357b63d34
Q16079861,KIM KYUNGHYUP,,,Q93836648,,2020-05-30,,https://korea.assembly.go.kr:447/mem/mem_pro.jsp?mem_code=phd8IKA2Jj4%3D,male,2022-08-01,https://korea.assembly.go.kr:447/mem/mem_01.jsp,Q16079861-9400C5D0-B2FA-4F76-97E4-E1AB0B5E0B21
Q93076478,KIM KYUNGMAN,,,Q50506172,PR assembly constituency in South Korea,2020-05-30,,https://korea.assembly.go.kr:447/mem/mem_pro.jsp?mem_code=MVz9UGII9AA%3D,male,2022-08-01,https://korea.assembly.go.kr:447/mem/mem_01.jsp,Q93076478-C0701C81-B6B0-4A1E-8630-F29EF4528811
Q93075399,KIM MIAE,,,Q31179726,,2020-05-30,,https://korea.assembly.go.kr:447/mem/mem_pro.jsp?mem_code=8jldB1h3oJc%3D,female,2022-08-01,https://korea.assembly.go.kr:447/mem/mem_01.jsp,Q93075399-1A9F9E03-AD19-4B60-9361-83739E3C784E
Q93074291,KIM MINCHUL,,,Q50500695,,2020-05-30,,https://korea.assembly.go.kr:447/mem/mem_pro.jsp?mem_code=TDUk6mM9IA4%3D,male,2022-08-01,https://korea.assembly.go.kr:447/mem/mem_01.jsp,Q93074291-76DD134A-6A47-42C8-AF9C-896C5B7C4904
Q12587395,KIM MINKI,,,Q50503543,,2020-05-30,,https://korea.assembly.go.kr:447/mem/mem_pro.jsp?mem_code=rxsheNi7kIw%3D,male,2022-08-01,https://korea.assembly.go.kr:447/mem/mem_01.jsp,Q12587395-75B2BC6C-06EF-489E-96EE-10EFB3A6ABE7
Q12587400,KIM MINSEOK,,,Q31180222,,2020-05-30,,https://korea.assembly.go.kr:447/mem/mem_pro.jsp?mem_code=7dWl3CuS%2BLo%3D,male,2022-08-01,https://korea.assembly.go.kr:447/mem/mem_01.jsp,Q12587400-447EB120-00D0-4613-8EC7-94D6286893B1
Q90564816,KIM NAMKUK,,,Q50499960,,2020-05-30,,https://korea.assembly.go.kr:447/mem/mem_pro.jsp?mem_code=uWoJ0ujJxbw%3D,male,2022-08-01,https://korea.assembly.go.kr:447/mem/mem_01.jsp,Q90564816-039E0660-6CFE-4B04-9385-17803C6D6CD6
Q12587629,KIM SANGHEE,,,Q93836708,,2020-05-30,,https://korea.assembly.go.kr:447/mem/mem_pro.jsp?mem_code=MnjbIP%2F5w64%3D,female,2022-08-01,https://korea.assembly.go.kr:447/mem/mem_01.jsp,Q12587629-e1a40f0e-4bbd-60d7-a561-85a1ce442aaa
Q16080258,KIM SANGHOON,,,Q31179577,,2020-05-30,,https://korea.assembly.go.kr:447/mem/mem_pro.jsp?mem_code=j2WTxhLCy1M%3D,male,2022-08-01,https://korea.assembly.go.kr:447/mem/mem_01.jsp,Q16080258-4CBBA109-E1B9-49B2-A5CB-9E043A3839F6
Q16080263,KIM SEOKKI,,,Q31179120,,2020-05-30,,https://korea.assembly.go.kr:447/mem/mem_pro.jsp?mem_code=5TdfT6KsJac%3D,male,2022-08-01,https://korea.assembly.go.kr:447/mem/mem_01.jsp,Q16080263-bfbdedac-49bb-e0ed-6fdf-1597f6a9fdc6
Q16176090,KIM SEUNGNAM,,,Q50500461,,2020-05-30,,https://korea.assembly.go.kr:447/mem/mem_pro.jsp?mem_code=GMrkRq7QRTI%3D,male,2022-08-01,https://korea.assembly.go.kr:447/mem/mem_01.jsp,Q16176090-8f4dfb13-4038-8bd4-21ed-423e74192196
Q93753920,KIM SEUNGSU,,,Q31179626,,2020-05-30,,https://korea.assembly.go.kr:447/mem/mem_pro.jsp?mem_code=2gGdjfErgA4%3D,male,2022-08-01,https://korea.assembly.go.kr:447/mem/mem_01.jsp,Q93753920-CDED3007-7BAE-4CDD-A869-791D56BD8565
Q93753704,KIM SEUNGWON,,,Q50503412,,2020-05-30,,https://korea.assembly.go.kr:447/mem/mem_pro.jsp?mem_code=HecVb8olY1s%3D,male,2022-08-01,https://korea.assembly.go.kr:447/mem/mem_01.jsp,Q93753704-461FF28C-0CDE-4116-A58B-75F5853AEC18
Q93077820,KIM SOOHEUNG,,,Q50499707,,2020-05-30,,https://korea.assembly.go.kr:447/mem/mem_pro.jsp?mem_code=st%2BC1nYS24E%3D,male,2022-08-01,https://korea.assembly.go.kr:447/mem/mem_01.jsp,Q93077820-E4151C9C-4965-4A5C-AA14-6D6F813EC62D
Q16080275,KIM SUNGJOO,,,Q50500548,,2020-05-30,,https://korea.assembly.go.kr:447/mem/mem_pro.jsp?mem_code=LHdAK1L4qsQ%3D,male,2022-08-01,https://korea.assembly.go.kr:447/mem/mem_01.jsp,Q16080275-59fcc548-41b2-cc89-aa47-c921df9d871e
Q12587781,KIM SUNGWHAN,,,Q31180280,Nowon C,2020-05-30,,https://korea.assembly.go.kr:447/mem/mem_pro.jsp?mem_code=MNk1jayNdSg%3D,male,2022-08-01,https://korea.assembly.go.kr:447/mem/mem_01.jsp,Q12587781-dfc94d1f-4286-0b7a-125c-fc1b8c409cac
Q24856316,KIM SUNGWON,,,Q50498954,,2020-05-30,,https://korea.assembly.go.kr:447/mem/mem_pro.jsp?mem_code=vv2RUVHMOpU%3D,male,2022-08-01,https://korea.assembly.go.kr:447/mem/mem_01.jsp,Q24856316-980e0cbb-4e19-d5c7-9c44-e38a36b6a270
Q16080265,KIM SUNGYO,,,Q50499189,,2020-05-30,,https://korea.assembly.go.kr:447/mem/mem_pro.jsp?mem_code=dZZlHadWQJ8%3D,male,2022-08-01,https://korea.assembly.go.kr:447/mem/mem_01.jsp,Q16080265-EE828010-7CD9-4DDB-A750-CC655695FC4A
Q128284,KIM TAEHO,,,Q31179689,,2020-05-30,,https://korea.assembly.go.kr:447/mem/mem_pro.jsp?mem_code=jHHohJyGb08%3D,male,2022-08-01,https://korea.assembly.go.kr:447/mem/mem_01.jsp,Q128284-7D3E872B-35C0-40CE-971C-E4D9939D910B
Q16080572,KIM TAENYEON,,,Q50502834,,2020-05-30,,https://korea.assembly.go.kr:447/mem/mem_pro.jsp?mem_code=odfiNgc88Gk%3D,male,2022-08-01,https://korea.assembly.go.kr:447/mem/mem_01.jsp,Q16080572-B197CE5D-BA99-40E0-9940-4E368226F73C
Q93078186,KIM WONI,,,Q50500817,"Mokpo, Jeollanam-do",2020-05-30,,https://korea.assembly.go.kr:447/mem/mem_pro.jsp?mem_code=aEenkVxFz8I%3D,male,2022-08-01,https://korea.assembly.go.kr:447/mem/mem_01.jsp,Q93078186-5BEDFFE3-17D3-462F-8EFB-16BAF3B6EFC5
Q91013702,KIM WOONG,,,Q31180200,,2020-05-30,,https://korea.assembly.go.kr:447/mem/mem_pro.jsp?mem_code=MycbsPZGDt8%3D,male,2022-08-01,https://korea.assembly.go.kr:447/mem/mem_01.jsp,Q91013702-BF6F71A5-1D98-4190-A994-4B68532447E8
Q93750422,KIM YEAJI,,,Q50506172,PR assembly constituency in South Korea,2020-05-30,,https://korea.assembly.go.kr:447/mem/mem_pro.jsp?mem_code=1qP3RUrCGT8%3D,female,2022-08-01,https://korea.assembly.go.kr:447/mem/mem_01.jsp,Q93750422-B752EF8E-8ABB-4774-BE2C-50EBD45E686B
Q93754220,KIM YEUNGSHIK,,,Q50500106,,2020-05-30,,https://korea.assembly.go.kr:447/mem/mem_pro.jsp?mem_code=g4tfSz%2BJ94c%3D,male,2022-08-01,https://korea.assembly.go.kr:447/mem/mem_01.jsp,Q93754220-1F75B19B-D3AD-474C-B579-8380FA1CE37C
Q93730678,KIM YONGMIN,,,Q50503071,,2020-05-30,,https://korea.assembly.go.kr:447/mem/mem_pro.jsp?mem_code=RjzSrs5ObfU%3D,male,2022-08-01,https://korea.assembly.go.kr:447/mem/mem_01.jsp,Q93730678-FD4BD086-4575-447E-8FA3-740A1B30C280
Q16177143,KIM YONGPAN,,,Q31179618,,2020-05-30,,https://korea.assembly.go.kr:447/mem/mem_pro.jsp?mem_code=flQjiVbsAWA%3D,male,2022-08-01,https://korea.assembly.go.kr:447/mem/mem_01.jsp,Q16177143-D2B35B18-4451-4176-928F-7045043C93CE
Q12588032,KIM YOUNG SUN,,,Q31179693,,2022-06-02,,https://korea.assembly.go.kr:447/mem/mem_pro.jsp?mem_code=pjYy4KWMdo0%3D,female,2022-08-01,https://korea.assembly.go.kr:447/mem/mem_01.jsp,Q12588032-87456fd6-4d32-722b-fec1-b05edce0ab17
Q12588019,KIM YOUNGBAE,,,Q31180342,,2020-05-30,,https://korea.assembly.go.kr:447/mem/mem_pro.jsp?mem_code=l6uRsbQI30E%3D,male,2022-08-01,https://korea.assembly.go.kr:447/mem/mem_01.jsp,Q12588019-94AB18A5-45E7-4054-891E-C1A4A5B9DD21
Q24856311,KIM YOUNGHO,,,Q31180266,,2020-05-30,,https://korea.assembly.go.kr:447/mem/mem_pro.jsp?mem_code=4obiX5n7UA8%3D,male,2022-08-01,https://korea.assembly.go.kr:447/mem/mem_01.jsp,Q24856311-3fc4b653-451d-c6db-a6d8-36f03b2ca872
Q24856326,KIM YOUNGJIN,,,Q50502889,,2020-05-30,,https://korea.assembly.go.kr:447/mem/mem_pro.jsp?mem_code=iwvk15qZ6qo%3D,male,2022-08-01,https://korea.assembly.go.kr:447/mem/mem_01.jsp,Q24856326-55cf9b4d-47d7-1e6d-6dc1-b94e74076303
Q16080318,KIM YOUNGJOO,,,Q31180215,,2020-05-30,,https://korea.assembly.go.kr:447/mem/mem_pro.jsp?mem_code=xPAHI8QzW1w%3D,female,2022-08-01,https://korea.assembly.go.kr:447/mem/mem_01.jsp,Q16080318-1b085ddf-47e7-2aac-d4eb-b832c979d3aa
Q12588313,KIM YUNDUCK,,,Q50500149,,2020-05-30,,https://korea.assembly.go.kr:447/mem/mem_pro.jsp?mem_code=Q1ARDvp%2BbGk%3D,male,2022-08-01,https://korea.assembly.go.kr:447/mem/mem_01.jsp,Q12588313-a043d42b-4df7-cfb6-ee17-b07b10e4aa14
Q56576270,KIMEUIKYEOM,,,Q50506172,PR assembly constituency in South Korea,2021-03-25,,https://korea.assembly.go.kr:447/mem/mem_pro.jsp?mem_code=i4hmKsLmgpg%3D,male,2022-08-01,https://korea.assembly.go.kr:447/mem/mem_01.jsp,Q56576270-2070af52-48a2-22d7-525b-8fe69551713a
Q12584218,KO MINJUNG,,,Q31180243,Gwangjin B,2020-05-30,,https://korea.assembly.go.kr:447/mem/mem_pro.jsp?mem_code=fFFQM%2FgkSyw%3D,female,2022-08-01,https://korea.assembly.go.kr:447/mem/mem_01.jsp,Q12584218-5F51168E-8A02-422E-8C0B-4DEB3563263A
Q31177309,KO YOUNGIN,,,Q50500012,,2020-05-30,,https://korea.assembly.go.kr:447/mem/mem_pro.jsp?mem_code=Hby4giVxNoE%3D,male,2022-08-01,https://korea.assembly.go.kr:447/mem/mem_01.jsp,Q31177309-945D0E9D-DD3B-4E47-B527-882CC1B1EF0B
Q24000510,KOH YONGJIN,,,Q31180261,,2020-05-30,,https://korea.assembly.go.kr:447/mem/mem_pro.jsp?mem_code=aH6MpDRpoHU%3D,male,2022-08-01,https://korea.assembly.go.kr:447/mem/mem_01.jsp,Q24000510-4567803a-4d53-6fdc-7f4b-61abd8208581
Q93074859,KU JAKEUN,,,Q50503791,,2020-05-30,,https://korea.assembly.go.kr:447/mem/mem_pro.jsp?mem_code=fO%2Fb%2BN1yS1Q%3D,male,2022-08-01,https://korea.assembly.go.kr:447/mem/mem_01.jsp,Q93074859-F4C63A2A-1A25-4445-B494-BE8DF45EF089
Q16080109,KWEON SEONGDONG,,,Q50499112,,2020-05-30,,https://korea.assembly.go.kr:447/mem/mem_pro.jsp?mem_code=nBZ5INcVxbM%3D,male,2022-08-01,https://korea.assembly.go.kr:447/mem/mem_01.jsp,Q16080109-7A5F7248-CD28-4519-AD3E-7AFD65C291F5
Q24000551,KWON CHILSEUNG,,,Q50501821,,2020-05-30,,https://korea.assembly.go.kr:447/mem/mem_pro.jsp?mem_code=MdEdnyXsRh4%3D,male,2022-08-01,https://korea.assembly.go.kr:447/mem/mem_01.jsp,Q24000551-52054e24-4dea-6e1e-6001-afe696d69a5b
Q12586127,KWON EUNHEE,,,Q50506172,PR assembly constituency in South Korea,2020-05-30,,https://korea.assembly.go.kr:447/mem/mem_pro.jsp?mem_code=otpyAweOgSI%3D,female,2022-08-01,https://korea.assembly.go.kr:447/mem/mem_01.jsp,Q12586127-318C0620-DF41-4037-8233-F5A251CCCCC9
Q16168110,KWON INSOOK,,,Q50506172,PR assembly constituency in South Korea,2020-05-30,,https://korea.assembly.go.kr:447/mem/mem_pro.jsp?mem_code=38bM3l9sIz8%3D,female,2022-08-01,https://korea.assembly.go.kr:447/mem/mem_01.jsp,Q16168110-6994AC6F-E4A3-432E-8E7F-EB1EB0B5496B
Q21706944,KWON MYUNGHO,,,Q31179296,,2020-05-30,,https://korea.assembly.go.kr:447/mem/mem_pro.jsp?mem_code=9NaxXlRnfbw%3D,male,2022-08-01,https://korea.assembly.go.kr:447/mem/mem_01.jsp,Q21706944-A11F809B-F36D-48CB-B7E7-8B493F0F7827
Q16080113,KWON YOUNGSE,,,Q31180236,Yongsan (constituency),2020-05-30,,https://korea.assembly.go.kr:447/mem/mem_pro.jsp?mem_code=P%2F%2BV0cb%2BsuA%3D,male,2022-08-01,https://korea.assembly.go.kr:447/mem/mem_01.jsp,Q16080113-47902660-FB21-46A1-AB64-80C2C7DB74C2
Q93758116,Kyung Hee Chung,,,Q50506172,PR assembly constituency in South Korea,2020-05-30,,https://korea.assembly.go.kr:447/mem/mem_pro.jsp?mem_code=4AU7xyHhIAo%3D,female,2022-08-01,https://korea.assembly.go.kr:447/mem/mem_01.jsp,Q93758116-E8427C2E-4E44-4C2D-9467-35B6D4F23877
Q93756226,LEE BYUNGHOON,,,Q31179418,,2020-05-30,,https://korea.assembly.go.kr:447/mem/mem_pro.jsp?mem_code=HXFTPd%2BQOHs%3D,male,2022-08-01,https://korea.assembly.go.kr:447/mem/mem_01.jsp,Q93756226-A5928C7E-A7B0-406F-BEF6-9DB26025749A
Q12612887,LEE CHEIK,,,Q31179331,,2020-05-30,,https://korea.assembly.go.kr:447/mem/mem_pro.jsp?mem_code=Ohp%2B85aWW%2FE%3D,male,2022-08-01,https://korea.assembly.go.kr:447/mem/mem_01.jsp,Q12612887-A52EF7CE-A814-4B9F-BA85-B23A017ABB9E
Q24856352,LEE CHULGYU,,,Q93831373,,2020-05-30,,https://korea.assembly.go.kr:447/mem/mem_pro.jsp?mem_code=l7y4W15UxBg%3D,male,2022-08-01,https://korea.assembly.go.kr:447/mem/mem_01.jsp,Q24856352-561b04bf-4d68-b2f3-6727-0ec74fe5f3b9
Q12611170,LEE DALGON,,,Q31179711,,2020-05-30,,https://korea.assembly.go.kr:447/mem/mem_pro.jsp?mem_code=FJLiJN4aefU%3D,male,2022-08-01,https://korea.assembly.go.kr:447/mem/mem_01.jsp,Q12611170-09f76989-4065-e539-7bc1-135378b8c030
Q93756354,LEE DONGJU,,,Q50506172,PR assembly constituency in South Korea,2020-05-30,,https://korea.assembly.go.kr:447/mem/mem_pro.jsp?mem_code=Lk9vusiY3Jc%3D,male,2022-08-01,https://korea.assembly.go.kr:447/mem/mem_01.jsp,Q93756354-8369D1A9-C1BE-4DFA-B4E7-A146516B450B
Q93756296,LEE EUNJU,,,Q50506172,PR assembly constituency in South Korea,2020-05-30,,https://korea.assembly.go.kr:447/mem/mem_pro.jsp?mem_code=DLqCi9120RA%3D,female,2022-08-01,https://korea.assembly.go.kr:447/mem/mem_01.jsp,Q93756296-F76A5787-20CC-4479-A6ED-16E860D6877E
Q16091259,LEE HACKYOUNG,,,Q93817330,,2020-05-30,,https://korea.assembly.go.kr:447/mem/mem_pro.jsp?mem_code=y4Jw9wa6KSk%3D,male,2022-08-01,https://korea.assembly.go.kr:447/mem/mem_01.jsp,Q16091259-E10CAFF2-0CB4-457F-8CAD-1173A65380E0
Q12613080,LEE HAESIK,,,Q31180201,,2020-05-30,,https://korea.assembly.go.kr:447/mem/mem_pro.jsp?mem_code=WEK0AgzXUXE%3D,male,2022-08-01,https://korea.assembly.go.kr:447/mem/mem_01.jsp,Q12613080-EE7757E8-8E98-469D-AD8B-24A0A5A9B284
Q12613110,LEE HUNSEUNG,,,Q31179776,,2020-05-30,,https://korea.assembly.go.kr:447/mem/mem_pro.jsp?mem_code=IHHu5pg9F28%3D,male,2022-08-01,https://korea.assembly.go.kr:447/mem/mem_01.jsp,Q12613110-746EAD51-D3E5-4485-8224-01C8D638DB3B
Q93756185,LEE HYUNGSEOK,,,Q31179467,,2020-05-30,,https://korea.assembly.go.kr:447/mem/mem_pro.jsp?mem_code=IFDoL0XyVFA%3D,male,2022-08-01,https://korea.assembly.go.kr:447/mem/mem_01.jsp,Q93756185-A11C7F30-4C39-470F-A3BC-967118783BFD
Q31176632,LEE INSEON,,,Q31179572,,2022-06-02,,https://korea.assembly.go.kr:447/mem/mem_pro.jsp?mem_code=2SthQI5RaUI%3D,female,2022-08-01,https://korea.assembly.go.kr:447/mem/mem_01.jsp,Q31176632-28e54c4f-4b3a-c8c3-1f33-f11ca436c57b
Q16091058,LEE INYOUNG,,,Q31180252,,2020-05-30,,https://korea.assembly.go.kr:447/mem/mem_pro.jsp?mem_code=2X3MmUr5dGg%3D,male,2022-08-01,https://korea.assembly.go.kr:447/mem/mem_01.jsp,Q16091058-bf2e61b3-4cee-31cb-cf7b-617f7a250e4a
Q16181809,LEE JAEJUNG,,,Q50501351,,2020-05-30,,https://korea.assembly.go.kr:447/mem/mem_pro.jsp?mem_code=Whg6naUaOCc%3D,female,2022-08-01,https://korea.assembly.go.kr:447/mem/mem_01.jsp,Q16181809-1bc45d45-430d-a607-c136-6cb4e14a1be7
Q12612463,LEE JAEMYUNG,,,Q31179607,,2022-06-02,,https://korea.assembly.go.kr:447/mem/mem_pro.jsp?mem_code=a2BEFRMXjkg%3D,male,2022-08-01,https://korea.assembly.go.kr:447/mem/mem_01.jsp,Q12612463-2e9f2bb6-4d15-ad73-cac2-d0b85a28a710
Q55733385,LEE JANGSUB,,,Q50502405,,2020-05-30,,https://korea.assembly.go.kr:447/mem/mem_pro.jsp?mem_code=22IUEBubJ24%3D,male,2022-08-01,https://korea.assembly.go.kr:447/mem/mem_01.jsp,Q55733385-791E1748-2B03-441F-BE72-72E50B675A04
Q12612642,LEE JONGBAE,,,Q50504406,,2020-05-30,,https://korea.assembly.go.kr:447/mem/mem_pro.jsp?mem_code=xggmJMvPqUs%3D,male,2022-08-01,https://korea.assembly.go.kr:447/mem/mem_01.jsp,Q12612642-7A9A4779-2010-424A-9A2E-B9D4B9831FA3
Q93756397,LEE JONGSEONG,,,Q50506172,PR assembly constituency in South Korea,2020-05-30,,https://korea.assembly.go.kr:447/mem/mem_pro.jsp?mem_code=G69SUp1Nnvo%3D,male,2022-08-01,https://korea.assembly.go.kr:447/mem/mem_01.jsp,Q93756397-9591EAC8-3C18-4D32-8FDF-BE990AA4B280
Q93756327,LEE JOOHWAN,,,Q31179735,,2020-05-30,,https://korea.assembly.go.kr:447/mem/mem_pro.jsp?mem_code=Xb8JcilfOHY%3D,male,2022-08-01,https://korea.assembly.go.kr:447/mem/mem_01.jsp,Q93756327-CCA4EC3D-8E53-4A2C-8DB1-F6FB1FF5B565
Q93756308,LEE JUNGMUN,,,Q50499854,,2020-05-30,,https://korea.assembly.go.kr:447/mem/mem_pro.jsp?mem_code=x1NQPwXQRNI%3D,male,2022-08-01,https://korea.assembly.go.kr:447/mem/mem_01.jsp,Q93756308-045BD15A-F302-493A-A40A-2E0E64AD9F51
Q17401410,LEE KAIHO,,,Q50501629,,2020-05-30,,https://korea.assembly.go.kr:447/mem/mem_pro.jsp?mem_code=Yd5IeFw8pws%3D,male,2022-08-01,https://korea.assembly.go.kr:447/mem/mem_01.jsp,Q17401410-C08E7203-F91E-4AB7-B15C-4679B6545010
Q24856357,LEE MANHEE,,,Q50499739,,2020-05-30,,https://korea.assembly.go.kr:447/mem/mem_pro.jsp?mem_code=LmC%2BHaBXlo4%3D,male,2022-08-01,https://korea.assembly.go.kr:447/mem/mem_01.jsp,Q24856357-9f8007da-49b9-7cb0-839f-9b53c5a641bc
Q12611365,LEE MYOUNGSU,,,Q50504061,,2020-05-30,,https://korea.assembly.go.kr:447/mem/mem_pro.jsp?mem_code=CpEfomDiXKc%3D,male,2022-08-01,https://korea.assembly.go.kr:447/mem/mem_01.jsp,Q12611365-66BDDA23-500D-4E57-9087-3A781C266DD7
Q55733229,LEE SANGHEON,,,Q4986788,"Buk, Ulsan",2020-05-30,,https://korea.assembly.go.kr:447/mem/mem_pro.jsp?mem_code=BiTOFCuelDs%3D,male,2022-08-01,https://korea.assembly.go.kr:447/mem/mem_01.jsp,Q55733229-04bcd829-4321-9399-c87e-008015b32571
Q12611638,LEE SANGMIN,,,Q31179330,,2020-05-30,,https://korea.assembly.go.kr:447/mem/mem_pro.jsp?mem_code=GhF4BKvuc2k%3D,male,2022-08-01,https://korea.assembly.go.kr:447/mem/mem_01.jsp,Q12611638-8DF5D049-0319-4089-AFE5-32330B9CF214
Q93750733,LEE SOOJIN,,,Q50506172,PR assembly constituency in South Korea,2020-05-30,,https://korea.assembly.go.kr:447/mem/mem_pro.jsp?mem_code=vcnmUMsHUVw%3D,female,2022-08-01,https://korea.assembly.go.kr:447/mem/mem_01.jsp,Q93750733-D45BA98C-35F8-4CD6-9B67-655239C89249
Q90920394,LEE SOYOUNG,,,Q50500990,,2020-05-30,,https://korea.assembly.go.kr:447/mem/mem_pro.jsp?mem_code=ZrVeJs%2BwJck%3D,female,2022-08-01,https://korea.assembly.go.kr:447/mem/mem_01.jsp,Q90920394-F01B0174-0B8C-43CD-BF0D-B56CEC9D2A37
Q90406937,LEE SUJIN,,,Q31180228,Dongjak B,2020-05-30,,https://korea.assembly.go.kr:447/mem/mem_pro.jsp?mem_code=l%2FLEJTvjljs%3D,female,2022-08-01,https://korea.assembly.go.kr:447/mem/mem_01.jsp,Q90406937-51130568-CB44-4F03-835B-1AE3DBFBCEC1
Q93756126,LEE SUNGMAN,,,Q31179621,,2020-05-30,,https://korea.assembly.go.kr:447/mem/mem_pro.jsp?mem_code=nqM5kH2whsw%3D,male,2022-08-01,https://korea.assembly.go.kr:447/mem/mem_01.jsp,Q93756126-934E6690-45DB-4CF5-B5CF-B687EC41028E
Q24856359,LEE TAEKYU,,,Q50506172,PR assembly constituency in South Korea,2020-05-30,,https://korea.assembly.go.kr:447/mem/mem_pro.jsp?mem_code=1sbNGyNgyvI%3D,male,2022-08-01,https://korea.assembly.go.kr:447/mem/mem_01.jsp,Q24856359-2D7162A6-83F3-46BA-8AA0-000206409B0A
Q91011399,LEE TAHNEY,,,Q50504372,,2020-05-30,,https://korea.assembly.go.kr:447/mem/mem_pro.jsp?mem_code=r3fmKpJx5sw%3D,male,2022-08-01,https://korea.assembly.go.kr:447/mem/mem_01.jsp,Q91011399-F3F8EB56-F4AD-4728-B9F4-65A6D705562B
Q69697180,LEE WONTAEG,,,Q50500904,,2020-05-30,,https://korea.assembly.go.kr:447/mem/mem_pro.jsp?mem_code=ZPmk2qKRJLI%3D,male,2022-08-01,https://korea.assembly.go.kr:447/mem/mem_01.jsp,Q69697180-FD0E376D-5320-4496-810D-3220BE60C8BD
Q16091044,LEE WONWOOK,,,Q50503150,,2020-05-30,,https://korea.assembly.go.kr:447/mem/mem_pro.jsp?mem_code=UXuZE4dK73c%3D,male,2022-08-01,https://korea.assembly.go.kr:447/mem/mem_01.jsp,Q16091044-C0302577-DC32-4C85-B516-622368E83DB5
Q24000485,LEE YANGSOO,,,Q93872518,,2020-05-30,,https://korea.assembly.go.kr:447/mem/mem_pro.jsp?mem_code=MRFgUa8lAmk%3D,male,2022-08-01,https://korea.assembly.go.kr:447/mem/mem_01.jsp,Q24000485-f34b5955-44f1-51df-5e26-9af6755a2dcd
Q498200,LEE YONG,,,Q50506172,PR assembly constituency in South Korea,2020-05-30,,https://korea.assembly.go.kr:447/mem/mem_pro.jsp?mem_code=kQKtGrPQwMA%3D,male,2022-08-01,https://korea.assembly.go.kr:447/mem/mem_01.jsp,Q498200-A85D2CAB-F6D6-4ED8-9D8F-7176A53DAE4C
Q79904087,LEE YONGBIN,,,Q31179435,,2020-05-30,,https://korea.assembly.go.kr:447/mem/mem_pro.jsp?mem_code=guBF91WDMQk%3D,male,2022-08-01,https://korea.assembly.go.kr:447/mem/mem_01.jsp,Q79904087-856887FE-1EDF-444F-8A74-C4F2E031FEFC
Q24856343,LEE YONGHO,,,Q50499094,,2020-05-30,,https://korea.assembly.go.kr:447/mem/mem_pro.jsp?mem_code=ZRtwxEPJzqk%3D,male,2022-08-01,https://korea.assembly.go.kr:447/mem/mem_01.jsp,Q24856343-a1eb63cc-43f9-9e4c-c809-8ab0ee9522f6
Q24000719,LEE YONGSUN,,,Q31180194,,2020-05-30,,https://korea.assembly.go.kr:447/mem/mem_pro.jsp?mem_code=Wuul1GJb68I%3D,male,2022-08-01,https://korea.assembly.go.kr:447/mem/mem_01.jsp,Q24000719-32CA74B4-69A8-4A4B-A12C-6B01E367BF28
Q93757340,LEE YONGWOO,,,Q50503763,,2020-05-30,,https://korea.assembly.go.kr:447/mem/mem_pro.jsp?mem_code=uIPuIsvFVsI%3D,male,2022-08-01,https://korea.assembly.go.kr:447/mem/mem_01.jsp,Q93757340-1B1A49C9-B51E-43B1-9BB0-3429FBC3EC05
Q12613830,LIM BYUNGHEON,,,Q31179716,,2022-03-10,,https://korea.assembly.go.kr:447/mem/mem_pro.jsp?mem_code=fip3aSHp2MU%3D,male,2022-08-01,https://korea.assembly.go.kr:447/mem/mem_01.jsp,Q12613830-034ec4ab-4856-7c38-bd4c-4bc7f32da028
Q93757486,LIM HOSEON,,,Q50500333,,2020-05-30,,https://korea.assembly.go.kr:447/mem/mem_pro.jsp?mem_code=bgR2sZPOo50%3D,male,2022-08-01,https://korea.assembly.go.kr:447/mem/mem_01.jsp,Q93757486-454B7D88-1E63-4336-BD1E-E2DA3C8E7851
Q24000550,LIM JONGSEONG,,,Q50498987,,2020-05-30,,https://korea.assembly.go.kr:447/mem/mem_pro.jsp?mem_code=Z6WJf2QDQRk%3D,male,2022-08-01,https://korea.assembly.go.kr:447/mem/mem_01.jsp,Q24000550-99816d6a-48e6-113a-5099-0820ca7e2c78
Q24000599,LIM LEEJA,,,Q93831705,,2020-05-30,,https://korea.assembly.go.kr:447/mem/mem_pro.jsp?mem_code=EFH90Qjt98w%3D,female,2022-08-01,https://korea.assembly.go.kr:447/mem/mem_01.jsp,Q24000599-1b71711c-4f57-698a-f2bc-16073b1ee821
Q2024836,LIM OKYEONG,,,Q50500085,,2020-05-30,,https://korea.assembly.go.kr:447/mem/mem_pro.jsp?mem_code=Jqi2ZbbohWY%3D,female,2022-08-01,https://korea.assembly.go.kr:447/mem/mem_01.jsp,Q2024836-570F34B5-FF18-4B9A-B9E9-15A91F9CDE67
Q31178821,MAENG SUNGKYU,,,Q31179678,,2020-05-30,,https://korea.assembly.go.kr:447/mem/mem_pro.jsp?mem_code=HxBMSt1O8%2BU%3D,male,2022-08-01,https://korea.assembly.go.kr:447/mem/mem_01.jsp,Q31178821-b5754c87-472f-70d8-22e8-bded5289e374
Q81227029,MIN BYOUNGDUG,,,Q50500129,,2020-05-30,,https://korea.assembly.go.kr:447/mem/mem_pro.jsp?mem_code=O9t5Wp7FzGs%3D,male,2022-08-01,https://korea.assembly.go.kr:447/mem/mem_01.jsp,Q81227029-2F1FE437-1A51-4DFA-BE4B-8365090292D7
Q16172538,MIN HONGCHUL,,,Q31179705,,2020-05-30,,https://korea.assembly.go.kr:447/mem/mem_pro.jsp?mem_code=N5Pwl6rD8MU%3D,male,2022-08-01,https://korea.assembly.go.kr:447/mem/mem_01.jsp,Q16172538-37182B65-50BB-436A-BEB2-5B4B6129103E
Q16090165,MIN HYUNGBAE,,,Q31179431,,2020-05-30,,https://korea.assembly.go.kr:447/mem/mem_pro.jsp?mem_code=N9Mx%2FnMlNzI%3D,male,2022-08-01,https://korea.assembly.go.kr:447/mem/mem_01.jsp,Q16090165-CD9D8176-3B23-429C-81BF-B18E3986F95D
Q81227137,MOON JEONGBOG,,,Q50501046,,2020-05-30,,https://korea.assembly.go.kr:447/mem/mem_pro.jsp?mem_code=csIXGSp9BB8%3D,female,2022-08-01,https://korea.assembly.go.kr:447/mem/mem_01.jsp,Q81227137-45C71FB4-06A1-4B9B-AB47-BF69D2F922B6
Q93754612,MOON JINSEOG,,,Q50499163,,2020-05-30,,https://korea.assembly.go.kr:447/mem/mem_pro.jsp?mem_code=E3yJYy4kKrE%3D,male,2022-08-01,https://korea.assembly.go.kr:447/mem/mem_01.jsp,Q93754612-0BA7B252-5173-4CFA-8B52-78787FE4B1C4
Q16187393,NAM INSOON,,,Q31180203,,2020-05-30,,https://korea.assembly.go.kr:447/mem/mem_pro.jsp?mem_code=0E98rievwXA%3D,female,2022-08-01,https://korea.assembly.go.kr:447/mem/mem_01.jsp,Q16187393-ddbc6114-42c3-9fa7-02ad-c0b3a113dac5
Q12590416,NOH WOONGRAE,,,Q31180276,,2020-05-30,,https://korea.assembly.go.kr:447/mem/mem_pro.jsp?mem_code=skbIbq%2FWDPI%3D,male,2022-08-01,https://korea.assembly.go.kr:447/mem/mem_01.jsp,Q12590416-2306859a-46cb-4c5a-82f3-8c44a6ac6067
Q22974525,OH GIHYOUNG,,,Q31180310,,2020-05-30,,https://korea.assembly.go.kr:447/mem/mem_pro.jsp?mem_code=4Gdn4O5%2B%2FHE%3D,male,2022-08-01,https://korea.assembly.go.kr:447/mem/mem_01.jsp,Q22974525-349E50B0-99E5-4A44-81DC-F5ADC74CD281
Q31178499,OH YEONGHWAN,,,Q50500244,,2020-05-30,,https://korea.assembly.go.kr:447/mem/mem_pro.jsp?mem_code=NDx66X9yTN4%3D,male,2022-08-01,https://korea.assembly.go.kr:447/mem/mem_01.jsp,Q31178499-60A9DF25-CE06-4C3B-B5DB-1633BB6574FF
Q12596659,PARK BEOMKYE,,,Q31179394,,2020-05-30,,https://korea.assembly.go.kr:447/mem/mem_pro.jsp?mem_code=%2BVJ4N3yV3II%3D,male,2022-08-01,https://korea.assembly.go.kr:447/mem/mem_01.jsp,Q12596659-C9A78787-156D-429B-9BEB-D30720A38E5A
Q16079899,PARK BYEONGSEUG,,,Q31179430,,2020-05-30,,https://korea.assembly.go.kr:447/mem/mem_pro.jsp?mem_code=vzhWUjxju4A%3D,male,2022-08-01,https://korea.assembly.go.kr:447/mem/mem_01.jsp,Q16079899-8a2dd45d-4e4c-b2ea-7687-19d4585bd435
Q24000516,PARK CHANDAE,,,Q31179673,,2020-05-30,,https://korea.assembly.go.kr:447/mem/mem_pro.jsp?mem_code=i5X2gIS3Y1k%3D,male,2022-08-01,https://korea.assembly.go.kr:447/mem/mem_01.jsp,Q24000516-c558a6c8-4407-4729-a37a-8d634502c65f
Q16081398,PARK DAECHUL,,,Q31179682,,2020-05-30,,https://korea.assembly.go.kr:447/mem/mem_pro.jsp?mem_code=IUVTN%2BTbMwk%3D,male,2022-08-01,https://korea.assembly.go.kr:447/mem/mem_01.jsp,Q16081398-49B0EAE9-5D00-4DF2-93B0-C70014DA74C1
Q93755586,PARK DAESOO,,,Q50506172,PR assembly constituency in South Korea,2020-05-30,,https://korea.assembly.go.kr:447/mem/mem_pro.jsp?mem_code=GigbeD5RVJA%3D,male,2022-08-01,https://korea.assembly.go.kr:447/mem/mem_01.jsp,Q93755586-CA3C9C7D-9A6B-43FB-A06F-4483A1BA8F7A
Q16180737,PARK DUKHYUM,,,Q31178536,,2020-05-30,,https://korea.assembly.go.kr:447/mem/mem_pro.jsp?mem_code=hJ7DniaYGYE%3D,male,2022-08-01,https://korea.assembly.go.kr:447/mem/mem_01.jsp,Q16180737-FD448DF9-F61F-4A46-BEC0-C0296EAF7455
Q16082619,PARK HONGKEUN,,,Q31180354,Jungnang B,2020-05-30,,https://korea.assembly.go.kr:447/mem/mem_pro.jsp?mem_code=4Crvhqicjk8%3D,male,2022-08-01,https://korea.assembly.go.kr:447/mem/mem_01.jsp,Q16082619-2d2d88a9-4c73-6acd-a567-3841a6b1a869
Q93754984,PARK HYEUNGSOO,,,Q93832201,,2020-05-30,,https://korea.assembly.go.kr:447/mem/mem_pro.jsp?mem_code=aAn7k1YVqXs%3D,male,2022-08-01,https://korea.assembly.go.kr:447/mem/mem_01.jsp,Q93754984-DC0988B0-E920-4AC9-B4BC-7FB0BF65EEF1
Q24000528,PARK JAEHO,,,Q31179809,,2020-05-30,,https://korea.assembly.go.kr:447/mem/mem_pro.jsp?mem_code=L0B37ln%2F%2Be8%3D,male,2022-08-01,https://korea.assembly.go.kr:447/mem/mem_01.jsp,Q24000528-07ECA4F7-A0E6-456A-B6C4-6E05A9D3A681
Q111843537,PARK JEONGHA,,,Q50500286,,2022-06-02,,https://korea.assembly.go.kr:447/mem/mem_pro.jsp?mem_code=%2BsECV5KbPdY%3D,male,2022-08-01,https://korea.assembly.go.kr:447/mem/mem_01.jsp,Q111843537-bb4fae6f-46d9-533c-ebda-3e89303d7ec8
Q24856315,PARK JEUNG,,,Q50503571,,2020-05-30,,https://korea.assembly.go.kr:447/mem/mem_pro.jsp?mem_code=vycCioxHE8Y%3D,male,2022-08-01,https://korea.assembly.go.kr:447/mem/mem_01.jsp,Q24856315-f739c3d1-4018-a7ec-6b7f-51f9ce5d6b39
Q16090188,PARK JIN,,,Q31180239,,2020-05-30,,https://korea.assembly.go.kr:447/mem/mem_pro.jsp?mem_code=wltpCEfcwTo%3D,male,2022-08-01,https://korea.assembly.go.kr:447/mem/mem_01.jsp,Q16090188-4404ABC3-5F0C-4902-80AE-672FC0187AD9
Q16082227,PARK JUMIN,,,Q31180285,,2020-05-30,,https://korea.assembly.go.kr:447/mem/mem_pro.jsp?mem_code=3d4%2BEKKW5VY%3D,male,2022-08-01,https://korea.assembly.go.kr:447/mem/mem_01.jsp,Q16082227-2c578468-4366-2a03-8b6c-b2c225b6b1d2
Q12596512,PARK KWANGON,,,Q50502057,,2020-05-30,,https://korea.assembly.go.kr:447/mem/mem_pro.jsp?mem_code=yZkGRIz4wFw%3D,male,2022-08-01,https://korea.assembly.go.kr:447/mem/mem_01.jsp,Q12596512-4bfee19a-4597-59a7-23c9-76fa42b647ab
Q65249530,PARK SANGHYUK,,,Q50502944,,2020-05-30,,https://korea.assembly.go.kr:447/mem/mem_pro.jsp?mem_code=N0v621Rqzgk%3D,male,2022-08-01,https://korea.assembly.go.kr:447/mem/mem_01.jsp,Q65249530-B378BE9E-E056-4CE5-91AA-E15A83D3F5CA
Q28699793,PARK SEONGMIN,,,Q31179309,,2020-05-30,,https://korea.assembly.go.kr:447/mem/mem_pro.jsp?mem_code=rN4CJnuBTVE%3D,male,2022-08-01,https://korea.assembly.go.kr:447/mem/mem_01.jsp,Q28699793-A7CD41C8-8572-4CE5-A41D-F2626F6188F7
Q93755098,PARK SOOYOUNG,,,Q31179803,,2020-05-30,,https://korea.assembly.go.kr:447/mem/mem_pro.jsp?mem_code=8RCT67VBYwE%3D,male,2022-08-01,https://korea.assembly.go.kr:447/mem/mem_01.jsp,Q93755098-D5C63CD6-EA11-4A79-AD2E-4B8E6A3421D6
Q69697066,PARK SUNGJOON,,,Q31180356,Jung–Seongdong B,2020-05-30,,https://korea.assembly.go.kr:447/mem/mem_pro.jsp?mem_code=7Lqzcz9Az6I%3D,male,2022-08-01,https://korea.assembly.go.kr:447/mem/mem_01.jsp,Q69697066-018ABD21-079D-4A2F-9320-60F603F78B19
Q24000498,PARK SUNGJOONG,,,Q31180248,,2020-05-30,,https://korea.assembly.go.kr:447/mem/mem_pro.jsp?mem_code=upMGWdpxIAo%3D,male,2022-08-01,https://korea.assembly.go.kr:447/mem/mem_01.jsp,Q24000498-e0d23b3f-4732-91ca-4882-bc77806f73d5
Q16175169,PARK WANJOO,,,Q50503518,,2020-05-30,,https://korea.assembly.go.kr:447/mem/mem_pro.jsp?mem_code=6NBifL8EMEE%3D,male,2022-08-01,https://korea.assembly.go.kr:447/mem/mem_01.jsp,Q16175169-CA1EE3F4-17EA-4150-BA44-CF06CA9FECB9
Q16175227,PARK YONGJIN,,,Q31180334,,2020-05-30,,https://korea.assembly.go.kr:447/mem/mem_pro.jsp?mem_code=Fwx2B8zRw5U%3D,male,2022-08-01,https://korea.assembly.go.kr:447/mem/mem_01.jsp,Q16175227-dedbad42-47e1-47b8-1c7f-c5a9c5b4ae2f
Q69696429,PARK YOUNGSOON,,,Q31179329,,2020-05-30,,https://korea.assembly.go.kr:447/mem/mem_pro.jsp?mem_code=FHqHknW3%2FhU%3D,male,2022-08-01,https://korea.assembly.go.kr:447/mem/mem_01.jsp,Q69696429-34E40403-B4EE-4E1A-BD87-37405ACE1B73
Q112079346,RHO YONGHO,,,Q50506172,PR assembly constituency in South Korea,2022-05-23,,https://korea.assembly.go.kr:447/mem/mem_pro.jsp?mem_code=WvHake7msWs%3D,male,2022-08-01,https://korea.assembly.go.kr:447/mem/mem_01.jsp,Q112079346-497ab5f6-465e-c749-37dd-9a43705b2887
Q92011646,RYU HOJEONG,,,Q50506172,PR assembly constituency in South Korea,2020-05-30,,https://korea.assembly.go.kr:447/mem/mem_pro.jsp?mem_code=r%2BPrvVx2ml8%3D,female,2022-08-01,https://korea.assembly.go.kr:447/mem/mem_01.jsp,Q92011646-07D53396-2E10-46E3-87E7-CB4042FBBFFB
Q93755434,SEO DONGYONG,,,Q93820968,,2020-05-30,,https://korea.assembly.go.kr:447/mem/mem_pro.jsp?mem_code=eK0wgqM6BOg%3D,male,2022-08-01,https://korea.assembly.go.kr:447/mem/mem_01.jsp,Q93755434-97E1DA9A-5547-4006-A7A9-3FDB68329C97
Q93755187,SEO ILJUN,,,Q31179702,,2020-05-30,,https://korea.assembly.go.kr:447/mem/mem_pro.jsp?mem_code=coVRsj2iPxc%3D,male,2022-08-01,https://korea.assembly.go.kr:447/mem/mem_01.jsp,Q93755187-FB3AA153-E0F6-48CD-A02D-61B1AC502990
Q55730831,SEO SAMSEOK,,,Q50501112,,2020-05-30,,https://korea.assembly.go.kr:447/mem/mem_pro.jsp?mem_code=DObXmgMprAA%3D,male,2022-08-01,https://korea.assembly.go.kr:447/mem/mem_01.jsp,Q55730831-c791fb9f-4c0d-9bd4-f966-617f519f72a9
Q12601044,SEO YOUNGKYO,,,Q31180272,Jungnang A,2020-05-30,,https://korea.assembly.go.kr:447/mem/mem_pro.jsp?mem_code=gWxLKlg%2BIV0%3D,female,2022-08-01,https://korea.assembly.go.kr:447/mem/mem_01.jsp,Q12601044-4beda2c5-4def-caa6-e28a-00562f47e727
Q85980567,SEO YOUNGSEOK,,,Q93836749,,2020-05-30,,https://korea.assembly.go.kr:447/mem/mem_pro.jsp?mem_code=g4eMxHk216w%3D,male,2022-08-01,https://korea.assembly.go.kr:447/mem/mem_01.jsp,Q85980567-630CEFE7-7C26-418D-AFEE-635D6465C98F
Q19940257,SHIN DONGKUN,,,Q31179649,,2020-05-30,,https://korea.assembly.go.kr:447/mem/mem_pro.jsp?mem_code=l4mHrVTbzeQ%3D,male,2022-08-01,https://korea.assembly.go.kr:447/mem/mem_01.jsp,Q19940257-96547968-4a04-fe2d-e4fe-40c4ac872582
Q61126106,SHIN HYUNYOUNG,,,Q50506172,PR assembly constituency in South Korea,2020-05-30,,https://korea.assembly.go.kr:447/mem/mem_pro.jsp?mem_code=G7qWGqxYXVQ%3D,female,2022-08-01,https://korea.assembly.go.kr:447/mem/mem_01.jsp,Q61126106-3E6AC2F9-A38D-465C-8EB4-259D4B050B1A
Q17487316,SHIN JEONGHOON,,,Q50503370,,2020-05-30,,https://korea.assembly.go.kr:447/mem/mem_pro.jsp?mem_code=prQXqBaY9JQ%3D,male,2022-08-01,https://korea.assembly.go.kr:447/mem/mem_01.jsp,Q17487316-2a213757-4899-cda6-3ed3-3e2b8968aa2e
Q16090253,SHIN WONSIK,,,Q50506172,PR assembly constituency in South Korea,2020-05-30,,https://korea.assembly.go.kr:447/mem/mem_pro.jsp?mem_code=8EA0Afv0Rtg%3D,male,2022-08-01,https://korea.assembly.go.kr:447/mem/mem_01.jsp,Q16090253-5F83ED4B-C16B-4353-B020-F3EA954DFDD9
Q93754675,SHIN YEONGDAE,,,Q50502354,,2020-05-30,,https://korea.assembly.go.kr:447/mem/mem_pro.jsp?mem_code=HdRUOv%2BJFlI%3D,male,2022-08-01,https://korea.assembly.go.kr:447/mem/mem_01.jsp,Q93754675-F1CD3C1B-56EC-48C7-B2CE-0B5F891E4D84
Q11255427,SIM SANGJEUNG,,,Q50242265,,2020-05-30,,https://korea.assembly.go.kr:447/mem/mem_pro.jsp?mem_code=tCokruw2kVY%3D,female,2022-08-01,https://korea.assembly.go.kr:447/mem/mem_01.jsp,Q11255427-03a42500-41a6-b09e-0efb-3dfbe5f3f08f
Q55737329,SO BYUNGCHUL,,,Q93818418,,2020-05-30,,https://korea.assembly.go.kr:447/mem/mem_pro.jsp?mem_code=T8V8YPWZJlI%3D,male,2022-08-01,https://korea.assembly.go.kr:447/mem/mem_01.jsp,Q55737329-6EF5CCE6-25B1-4D5B-9154-8C94D7A7F82C
Q24000553,SO BYUNGHOON,,,Q50502782,,2020-05-30,,https://korea.assembly.go.kr:447/mem/mem_pro.jsp?mem_code=H%2F96ZhprtD4%3D,male,2022-08-01,https://korea.assembly.go.kr:447/mem/mem_01.jsp,Q24000553-525fa068-484b-2dc8-d6a1-4d0d5df21a0d
Q31178630,SONG EONSEOG,,,Q31179128,,2020-05-30,,https://korea.assembly.go.kr:447/mem/mem_pro.jsp?mem_code=A5YR4OTfgwk%3D,male,2022-08-01,https://korea.assembly.go.kr:447/mem/mem_01.jsp,Q31178630-90a5c11a-4fb5-f68d-15cd-684423269f0e
Q55731119,SONG GABSEOK,,,Q31179457,,2020-05-30,,https://korea.assembly.go.kr:447/mem/mem_pro.jsp?mem_code=QKcfH%2FbN9nI%3D,male,2022-08-01,https://korea.assembly.go.kr:447/mem/mem_01.jsp,Q55731119-f5bbd28e-4a52-1337-2c6d-715a871c6c85
Q93071935,SONG JAEHO,,,Q31178892,Jeju A,2020-05-30,,https://korea.assembly.go.kr:447/mem/mem_pro.jsp?mem_code=86joG6BcOPw%3D,male,2022-08-01,https://korea.assembly.go.kr:447/mem/mem_01.jsp,Q93071935-4C177A70-BD90-4449-A73F-8DC72875812B
Q24000579,SONG KI HUN,,,Q50502150,,2020-05-30,,https://korea.assembly.go.kr:447/mem/mem_pro.jsp?mem_code=s68GDKqRayU%3D,male,2022-08-01,https://korea.assembly.go.kr:447/mem/mem_01.jsp,Q24000579-42464eb6-4691-eaa6-c628-152beff28e6e
Q24000760,SONG OKJOO,,,Q50502538,,2020-05-30,,https://korea.assembly.go.kr:447/mem/mem_pro.jsp?mem_code=7Lv378o7FLI%3D,female,2022-08-01,https://korea.assembly.go.kr:447/mem/mem_01.jsp,Q24000760-e9ad7873-4b50-8df7-24db-c10fcb493e3c
Q24000531,SONG SEOGJUN,,,Q50501656,,2020-05-30,,https://korea.assembly.go.kr:447/mem/mem_pro.jsp?mem_code=Fo01h%2B2KoKw%3D,male,2022-08-01,https://korea.assembly.go.kr:447/mem/mem_01.jsp,Q24000531-e6b886be-4bcf-3339-eef9-3a4746b69c62
Q93752810,SUH BUMSOO,,,Q31179314,,2020-05-30,,https://korea.assembly.go.kr:447/mem/mem_pro.jsp?mem_code=pCX7b8GWq%2FU%3D,male,2022-08-01,https://korea.assembly.go.kr:447/mem/mem_01.jsp,Q93752810-C2961EA8-146C-477B-90A7-439BE8E90218
Q16083277,SUH BYUNGSOO,,,Q31179799,,2020-05-30,,https://korea.assembly.go.kr:447/mem/mem_pro.jsp?mem_code=JaOfdD60sTI%3D,male,2022-08-01,https://korea.assembly.go.kr:447/mem/mem_01.jsp,Q16083277-383FCDB9-FE8F-43A1-B387-0426CFEBC97F
Q93755633,SUH JUNGSOOK,,,Q50506172,PR assembly constituency in South Korea,2020-05-30,,https://korea.assembly.go.kr:447/mem/mem_pro.jsp?mem_code=Bkv9eUOqo24%3D,female,2022-08-01,https://korea.assembly.go.kr:447/mem/mem_01.jsp,Q93755633-EBD59B84-0209-49C4-9C93-D576EE5190B0
Q12601823,SUL HOON,,,Q93836669,,2020-05-30,,https://korea.assembly.go.kr:447/mem/mem_pro.jsp?mem_code=AX48iGj6Bhc%3D,male,2022-08-01,https://korea.assembly.go.kr:447/mem/mem_01.jsp,Q12601823-F99CDC0D-60D0-4063-AE16-05D0C05E797F
Q24000580,SUNG ILJONG,,,Q50499380,,2020-05-30,,https://korea.assembly.go.kr:447/mem/mem_pro.jsp?mem_code=Dm8Xmphm380%3D,male,2022-08-01,https://korea.assembly.go.kr:447/mem/mem_01.jsp,Q24000580-6617e4e7-4e2e-b7ef-a3d8-917a25381af1
Q26299233,TAE YONGHO,,,Q31180250,Gangnam A,2020-05-30,,https://korea.assembly.go.kr:447/mem/mem_pro.jsp?mem_code=m%2BzQPrQwR%2Fw%3D,male,2022-08-01,https://korea.assembly.go.kr:447/mem/mem_01.jsp,Q26299233-346F05F6-FA2E-4CEB-AF78-7EA7EF289CF3
Q24000515,WI SEONGGON,,,Q31178797,Seogwipo (constituency),2020-05-30,,https://korea.assembly.go.kr:447/mem/mem_pro.jsp?mem_code=G%2BA2Bz3w%2B%2Fw%3D,male,2022-08-01,https://korea.assembly.go.kr:447/mem/mem_01.jsp,Q24000515-02cffb1f-45fc-0224-2895-1d243d647b65
Q16090384,WOO SANGHO,,,Q31180290,,2020-05-30,,https://korea.assembly.go.kr:447/mem/mem_pro.jsp?mem_code=3fTUQpCj2Hc%3D,male,2022-08-01,https://korea.assembly.go.kr:447/mem/mem_01.jsp,Q16090384-1e39a6db-44c9-b81f-76cd-1456deb7192b
Q16090388,WOO WONSHIK,,,Q31180265,,2020-05-30,,https://korea.assembly.go.kr:447/mem/mem_pro.jsp?mem_code=i77k%2F9J5ZN0%3D,male,2022-08-01,https://korea.assembly.go.kr:447/mem/mem_01.jsp,Q16090388-c7a1971f-471b-e562-7b90-b626e93338db
Q22974439,YANG HYANGJA,,,Q31179436,,2020-05-30,,https://korea.assembly.go.kr:447/mem/mem_pro.jsp?mem_code=2iEdUaCIEQo%3D,female,2022-08-01,https://korea.assembly.go.kr:447/mem/mem_01.jsp,Q22974439-670C7F1F-93EB-4813-B4C9-F2DF4DADFDA7
Q93759076,YANG JUNGSUK,,,Q50506172,PR assembly constituency in South Korea,2020-05-30,,https://korea.assembly.go.kr:447/mem/mem_pro.jsp?mem_code=z6WP1Gass%2FU%3D,female,2022-08-01,https://korea.assembly.go.kr:447/mem/mem_01.jsp,Q93759076-2D61ABBC-51FC-4CAD-92DC-D6E0E1E6D40E
Q12606218,YANG KIDAE,,,Q50499399,,2020-05-30,,https://korea.assembly.go.kr:447/mem/mem_pro.jsp?mem_code=sjaJijIC0WM%3D,male,2022-08-01,https://korea.assembly.go.kr:447/mem/mem_01.jsp,Q12606218-011B521D-5A39-4758-8EDE-1ED1853E20FB
Q93759078,YANG KUMHEE,,,Q31179625,,2020-05-30,,https://korea.assembly.go.kr:447/mem/mem_pro.jsp?mem_code=zAPIYMAQv%2Fc%3D,female,2022-08-01,https://korea.assembly.go.kr:447/mem/mem_01.jsp,Q93759078-4C23525F-B74B-453E-B096-7D411995E0C5
Q93759075,YANG KYUNGSOOK,,,Q50506172,PR assembly constituency in South Korea,2020-05-30,,https://korea.assembly.go.kr:447/mem/mem_pro.jsp?mem_code=STgpqwlxcoY%3D,female,2022-08-01,https://korea.assembly.go.kr:447/mem/mem_01.jsp,Q93759075-983425B9-4840-40A4-914C-231CD575B6A5
Q18381190,YANG YIWONYOUNG,,,Q50506172,PR assembly constituency in South Korea,2020-05-30,,https://korea.assembly.go.kr:447/mem/mem_pro.jsp?mem_code=hhnV3CVZIdk%3D,female,2022-08-01,https://korea.assembly.go.kr:447/mem/mem_01.jsp,Q18381190-A9788250-0100-4443-87D6-3034D317C879
Q17503876,YONG HYEIN,,,Q50506172,PR assembly constituency in South Korea,2020-05-30,,https://korea.assembly.go.kr:447/mem/mem_pro.jsp?mem_code=UOnSHF0LZMY%3D,female,2022-08-01,https://korea.assembly.go.kr:447/mem/mem_01.jsp,Q17503876-6A9E7FA2-E525-4151-B1E5-8C00A6054209
Q24000557,YOO DONGSOO,,,Q31179620,,2020-05-30,,https://korea.assembly.go.kr:447/mem/mem_pro.jsp?mem_code=O%2BJhhSz55S4%3D,male,2022-08-01,https://korea.assembly.go.kr:447/mem/mem_01.jsp,Q24000557-dc184565-4b09-e29b-da12-b3b917e2864c
Q20010834,YOO GYEONGJOON,,,Q31180373,,2020-05-30,,https://korea.assembly.go.kr:447/mem/mem_pro.jsp?mem_code=KvMutbwlexQ%3D,male,2022-08-01,https://korea.assembly.go.kr:447/mem/mem_01.jsp,Q20010834-D12E6306-749A-444B-B970-12D2CD9F9A5D
Q93759096,YOO JUNGJU,,,Q50506172,PR assembly constituency in South Korea,2020-05-30,,https://korea.assembly.go.kr:447/mem/mem_pro.jsp?mem_code=6BWB1Ld%2BgYU%3D,female,2022-08-01,https://korea.assembly.go.kr:447/mem/mem_01.jsp,Q93759096-E6374EC1-72BD-4C77-85F9-5C5AACD82B2D
Q16090411,YOO KIHONG,,,Q31180230,,2020-05-30,,https://korea.assembly.go.kr:447/mem/mem_pro.jsp?mem_code=pUohTo5pSPc%3D,male,2022-08-01,https://korea.assembly.go.kr:447/mem/mem_01.jsp,Q16090411-B73376FE-F53B-4981-B64B-3357A88FA83F
Q93759105,YOO SANGBUM,,,Q93832320,,2020-05-30,,https://korea.assembly.go.kr:447/mem/mem_pro.jsp?mem_code=h6b80tdD%2B8w%3D,male,2022-08-01,https://korea.assembly.go.kr:447/mem/mem_01.jsp,Q93759105-A657558B-F818-413C-BD92-6A2CDEFC2940
Q12609831,YOO SUNGKULL,,,Q31179579,,2020-05-30,,https://korea.assembly.go.kr:447/mem/mem_pro.jsp?mem_code=7HL1jEcbX3U%3D,male,2022-08-01,https://korea.assembly.go.kr:447/mem/mem_01.jsp,Q12609831-948c3a04-4fea-8530-5aac-1c608a459b4b
Q93759088,YOON DOOHYUN,,,Q50503912,,2020-05-30,,https://korea.assembly.go.kr:447/mem/mem_pro.jsp?mem_code=lBr%2Bpvj5mRw%3D,male,2022-08-01,https://korea.assembly.go.kr:447/mem/mem_01.jsp,Q93759088-0EE3D11B-8EF5-4C68-BBBB-0542BF14112D
Q24000554,YOON HANHONG,,,Q31179698,,2020-05-30,,https://korea.assembly.go.kr:447/mem/mem_pro.jsp?mem_code=e40dCtuCSbs%3D,male,2022-08-01,https://korea.assembly.go.kr:447/mem/mem_01.jsp,Q24000554-96189d7f-4d04-f885-b58d-9d4a8c1b4b21
Q12610540,YOON HUDUK,,,Q50502426,,2020-05-30,,https://korea.assembly.go.kr:447/mem/mem_pro.jsp?mem_code=KfSyaU7W2pM%3D,male,2022-08-01,https://korea.assembly.go.kr:447/mem/mem_01.jsp,Q12610540-8DF94446-29AB-404C-940E-D490630A5117
Q93759083,YOON JAEKAB,,,Q50504657,,2020-05-30,,https://korea.assembly.go.kr:447/mem/mem_pro.jsp?mem_code=mCYyyaduHlY%3D,male,2022-08-01,https://korea.assembly.go.kr:447/mem/mem_01.jsp,Q93759083-58858117-181B-4935-B997-B2534D8531E2
Q64329863,YOON JOONBYEONG,,,Q50503717,,2020-05-30,,https://korea.assembly.go.kr:447/mem/mem_pro.jsp?mem_code=RxajLat59%2FU%3D,male,2022-08-01,https://korea.assembly.go.kr:447/mem/mem_01.jsp,Q64329863-F69F5A95-1CD2-4C6A-ACE0-94C314F476D9
Q16090633,YOON SANGHYUN,,,Q93827677,,2020-05-30,,https://korea.assembly.go.kr:447/mem/mem_pro.jsp?mem_code=p8lcyZ%2BGu10%3D,male,2022-08-01,https://korea.assembly.go.kr:447/mem/mem_01.jsp,Q16090633-8F03C88C-1A6B-4A27-BAF1-85CD868018A9
Q31178885,YOON YOUNGCHAN,,,Q50501917,,2020-05-30,,https://korea.assembly.go.kr:447/mem/mem_pro.jsp?mem_code=O6lhDbyiDdk%3D,male,2022-08-01,https://korea.assembly.go.kr:447/mem/mem_01.jsp,Q31178885-CF1D4FF3-79F6-4C65-A497-B1839EC7BF47
Q93759084,YOON YOUNGDEOK,,,Q31179408,,2020-05-30,,https://korea.assembly.go.kr:447/mem/mem_pro.jsp?mem_code=xIYdRS2MQ%2FU%3D,male,2022-08-01,https://korea.assembly.go.kr:447/mem/mem_01.jsp,Q93759084-63FB0192-AEA7-4894-B61F-5588603381F8
Q12610368,YOON YOUNGSEOK,,,Q31179701,,2020-05-30,,https://korea.assembly.go.kr:447/mem/mem_pro.jsp?mem_code=fBz9mnxkjq4%3D,male,2022-08-01,https://korea.assembly.go.kr:447/mem/mem_01.jsp,Q12610368-AE56275D-BDE0-4ECD-BB0F-8FF813A7F43A
Q85011176,YOUN KUNYOUNG,,,Q31180213,,2020-05-30,,https://korea.assembly.go.kr:447/mem/mem_pro.jsp?mem_code=q12%2BSDBpl4w%3D,male,2022-08-01,https://korea.assembly.go.kr:447/mem/mem_01.jsp,Q85011176-7B8CB63B-1A0E-4D0A-84E4-5523D4BC4090
Q16090618,YOUN KWANSUK,,,Q31179667,,2020-05-30,,https://korea.assembly.go.kr:447/mem/mem_pro.jsp?mem_code=n9KSfg%2FOarY%3D,male,2022-08-01,https://korea.assembly.go.kr:447/mem/mem_01.jsp,Q16090618-1ED84A0E-02EA-4C51-8560-54911755A58A
Q11464859,YOUN MEEHYANG,,,Q50506172,PR assembly constituency in South Korea,2020-05-30,,https://korea.assembly.go.kr:447/mem/mem_pro.jsp?mem_code=%2FhYpr1xnWi4%3D,female,2022-08-01,https://korea.assembly.go.kr:447/mem/mem_01.jsp,Q11464859-A73ABB98-5490-408E-9B29-5EEC451D34FB
Q18815659,YU EUIDONG,,,Q50504231,,2020-05-30,,https://korea.assembly.go.kr:447/mem/mem_pro.jsp?mem_code=vM0tySqzWBg%3D,male,2022-08-01,https://korea.assembly.go.kr:447/mem/mem_01.jsp,Q18815659-8157A861-AD93-4947-9268-DF247AD20F4A
Q12610469,YUN CHANGHYUN,,,Q50506172,PR assembly constituency in South Korea,2020-05-30,,https://korea.assembly.go.kr:447/mem/mem_pro.jsp?mem_code=wwgdm%2B2CFfk%3D,male,2022-08-01,https://korea.assembly.go.kr:447/mem/mem_01.jsp,Q12610469-1aa355cc-41ed-98c4-35b3-bf9d856bde90
Q12610532,YUN HOJUNG,,,Q50609569,,2020-05-30,,https://korea.assembly.go.kr:447/mem/mem_pro.jsp?mem_code=YXeVvmIniTA%3D,male,2022-08-01,https://korea.assembly.go.kr:447/mem/mem_01.jsp,Q12610532-BF496DD9-5A25-4228-BB1B-AC105B4939E5
Q12610412,YUN JAEOK,,,Q31179589,,2020-05-30,,https://korea.assembly.go.kr:447/mem/mem_pro.jsp?mem_code=YcCUg%2B9Cl%2F0%3D,male,2022-08-01,https://korea.assembly.go.kr:447/mem/mem_01.jsp,Q12610412-E57EA152-E001-4BFE-B3EF-21026D9EFCA4
Q12610444,YUN JUKEYNG,,,Q50506172,PR assembly constituency in South Korea,2020-05-30,,https://korea.assembly.go.kr:447/mem/mem_pro.jsp?mem_code=odNnmT1z7z4%3D,female,2022-08-01,https://korea.assembly.go.kr:447/mem/mem_01.jsp,Q12610444-97F872BE-4839-46BA-B4C6-0CE1C0F5F450
